planning_area,subzone,poi_dimension,place_query_type,search_query,place_id,place_name,formatted_address,rating,user_ratings_total,types,lat,lng,need_reviews
North-Eastern Islands,North-Eastern Islands,education,education facilities schools childcare libraries,"education facilities schools childcare libraries near North-Eastern Islands, North-Eastern Islands, Singapore",ChIJcaOg62wU2jERB6GKt4ELsEA,Nee Soon Central Community Children's Library,"644 Yishun Street 61, Singapore 760644",5.0,1,"[""establishment"", ""library"", ""point_of_interest""]",1.4217439,103.8373836,True
North-Eastern Islands,North-Eastern Islands,education,education facilities schools childcare libraries,"education facilities schools childcare libraries near North-Eastern Islands, North-Eastern Islands, Singapore",ChIJbURpe_Ab2jERtE10Rb38Dbc,The Ngee Ann Kongsi Library @SIT,"11 New Punggol Rd, Level 5 W1 Campus Heart, Singapore 828616",5.0,1,"[""establishment"", ""library"", ""point_of_interest""]",1.4141431,103.9107407,True
North-Eastern Islands,North-Eastern Islands,education,education facilities schools childcare libraries,"education facilities schools childcare libraries near North-Eastern Islands, North-Eastern Islands, Singapore",ChIJIcrZoAAW2jERyZ8KcxO3nwo,Kids' Kingdom Child Development and Learning Centre @ Punggol,"1 Edgefield Walk, Singapore 828850",4.5,23,"[""establishment"", ""point_of_interest"", ""school""]",1.4009793,103.9097069,True
North-Eastern Islands,North-Eastern Islands,education,education facilities schools childcare libraries,"education facilities schools childcare libraries near North-Eastern Islands, North-Eastern Islands, Singapore",ChIJ9x5WHEs82jER1kODOrzUieI,Odyssey The Global Preschool – Loyang,"191 Jln. Loyang Besar, Singapore 506996",4.7,61,"[""establishment"", ""point_of_interest"", ""school""]",1.3797783,103.9623099,True
North-Eastern Islands,North-Eastern Islands,education,education facilities schools childcare libraries,"education facilities schools childcare libraries near North-Eastern Islands, North-Eastern Islands, Singapore",ChIJgYqG6moV2jERX_90tnNlx-s,Skool4Kidz Campus @ One Punggol,"1 Punggol Dr., #03-03, Singapore 828629",4.7,60,"[""establishment"", ""point_of_interest"", ""school""]",1.4091077,103.9052892,True
North-Eastern Islands,North-Eastern Islands,education,education facilities schools childcare libraries,"education facilities schools childcare libraries near North-Eastern Islands, North-Eastern Islands, Singapore",ChIJkS1PGwAX2jERPZwpMof5BzI,Little Children's Library,"350 Anchorvale Rd, Singapore 544317",,0,"[""establishment"", ""library"", ""point_of_interest""]",1.3929354,103.8865545,True
North-Eastern Islands,North-Eastern Islands,education,education facilities schools childcare libraries,"education facilities schools childcare libraries near North-Eastern Islands, North-Eastern Islands, Singapore",ChIJnYM95Z0X2jER_N8y5iFtqqA,Kidz Treehouse,"21 Serangoon North Ave 4, Singapore 555855",4.6,42,"[""establishment"", ""point_of_interest""]",1.3728523,103.8745871,True
North-Eastern Islands,North-Eastern Islands,education,education facilities schools childcare libraries,"education facilities schools childcare libraries near North-Eastern Islands, North-Eastern Islands, Singapore",ChIJ4bc7GPsV2jER7wq9Dl_itV8,My First Skool at 2 Punggol Drive | Preschool | Childcare | Playgroup | Infant Care | Large Centre,"2 Punggol Dr., Singapore 828803",4.2,47,"[""establishment"", ""point_of_interest"", ""school""]",1.4071571,103.9043372,True
North-Eastern Islands,North-Eastern Islands,education,education facilities schools childcare libraries,"education facilities schools childcare libraries near North-Eastern Islands, North-Eastern Islands, Singapore",ChIJHWfoBcEj2jERVZ7WsZLGx7M,Seedlings World Student Care,"396 Joo Chiat Pl, #02-05 The Yards, Singapore 428079",4.8,17,"[""establishment"", ""point_of_interest""]",1.3149208,103.9101826,True
North-Eastern Islands,North-Eastern Islands,education,education facilities schools childcare libraries,"education facilities schools childcare libraries near North-Eastern Islands, North-Eastern Islands, Singapore",ChIJw8IVMqk92jERhPm5ecCjtU8,Brave Feats Student Care (Bedok),"21 Bedok North Street 1, #02-02 Common Ground Civics Centre, Singapore 469659",5.0,33,"[""establishment"", ""point_of_interest""]",1.3269455,103.9308431,True
North-Eastern Islands,North-Eastern Islands,education,education facilities schools childcare libraries,"education facilities schools childcare libraries near North-Eastern Islands, North-Eastern Islands, Singapore",ChIJ-0k4ljEV2jERUd3RjzibqqE,EduFirst Learning Centre (Punggol) - English Math Chinese Science Tuition Centre Singapore,"9 Sentul Cres, #04-07 SAFRA, Punggol 828654",4.7,147,"[""establishment"", ""point_of_interest""]",1.4103163,103.9061147,True
North-Eastern Islands,North-Eastern Islands,education,education facilities schools childcare libraries,"education facilities schools childcare libraries near North-Eastern Islands, North-Eastern Islands, Singapore",ChIJTXdxQk4b2jER4HdHnRNjvLY,HV Little Library,"2 Holland Ave, Block 2, Singapore 271002",4.9,64,"[""establishment"", ""library"", ""point_of_interest""]",1.3095115,103.7956789,True
North-Eastern Islands,North-Eastern Islands,education,education facilities schools childcare libraries,"education facilities schools childcare libraries near North-Eastern Islands, North-Eastern Islands, Singapore",ChIJ-c8hkns-2jERfNMBwRuT990,Ubin Living Lab,"1000 Jln Endut Senin, Singapore 508419",4.3,21,"[""establishment"", ""point_of_interest""]",1.406762,103.9541155,True
North-Eastern Islands,North-Eastern Islands,education,education facilities schools childcare libraries,"education facilities schools childcare libraries near North-Eastern Islands, North-Eastern Islands, Singapore",ChIJ2739TgoP2jERlpS4Fef772Y,Library and Information Services Centre (NIE),"1 Nanyang Walk, Singapore 637616",4.6,28,"[""establishment"", ""library"", ""point_of_interest""]",1.348661,103.677635,True
North-Eastern Islands,North-Eastern Islands,education,education facilities schools childcare libraries,"education facilities schools childcare libraries near North-Eastern Islands, North-Eastern Islands, Singapore",ChIJLa4ra1Ua2jERYkEE5BYF-Os,ISEAS Library,"30 Heng Mui Keng Terrace, Pasir Panjang, 30 Heng Mui Keng Ter, Singapore 119614",3.7,9,"[""establishment"", ""library"", ""point_of_interest""]",1.2911895,103.7769557,True
North-Eastern Islands,North-Eastern Islands,education,education facilities schools childcare libraries,"education facilities schools childcare libraries near North-Eastern Islands, North-Eastern Islands, Singapore",ChIJ1fYfwGAa2jERy7f1JLymou0,SP - Library & FabLab,"500 Dover Rd, Singapore 139651",4.2,34,"[""establishment"", ""library"", ""point_of_interest""]",1.3087569,103.7799417,True
North-Eastern Islands,North-Eastern Islands,education,education facilities schools childcare libraries,"education facilities schools childcare libraries near North-Eastern Islands, North-Eastern Islands, Singapore",ChIJAwAAIHAZ2jERWb0F8dl1h4c,Little Skool-House SingHealth Tower,"10 Hospital Blvd, #05-01 SingHealth Tower, Singapore 168582",4.4,11,"[""establishment"", ""point_of_interest"", ""school""]",1.2779352,103.8353809,True
North-Eastern Islands,North-Eastern Islands,education,education facilities schools childcare libraries,"education facilities schools childcare libraries near North-Eastern Islands, North-Eastern Islands, Singapore",ChIJBYGvEQAV2jER6vbbOEyIvVk,Play & Learn Community library corner,"137 Yishun Ring Rd, Singapore 760137",,0,"[""establishment"", ""library"", ""point_of_interest""]",1.4320036,103.8300215,True
North-Eastern Islands,North-Eastern Islands,education,education facilities schools childcare libraries,"education facilities schools childcare libraries near North-Eastern Islands, North-Eastern Islands, Singapore",ChIJV8XBQ8A82jERZE3PGgh94PQ,Learning Vision Changi Airport (Terminal 3),"65 AIRPORT BOULEVARD #04-02, Terminal 3, Singapore 819663",5.0,132,"[""establishment"", ""point_of_interest"", ""school""]",1.3519556,103.9842908,True
North-Eastern Islands,North-Eastern Islands,education,education facilities schools childcare libraries,"education facilities schools childcare libraries near North-Eastern Islands, North-Eastern Islands, Singapore",ChIJgSLBhIAQ2jER03pM4hD-5EY,Tay Eng Soon Library,"535A Clementi Rd, Singapore 599490 Clementi Rd, Singapore 599490",4.4,7,"[""establishment"", ""library"", ""point_of_interest""]",1.3298003,103.7757296,True
North-Eastern Islands,North-Eastern Islands,transport,public transport MRT LRT bus stops,"public transport MRT LRT bus stops near North-Eastern Islands, North-Eastern Islands, Singapore",ChIJ5_al89Ai2jERcSobpvC1uao,Upp East Coast Ter,Singapore,4.0,77,"[""establishment"", ""point_of_interest"", ""transit_station""]",1.31796,103.952568,True
North-Eastern Islands,North-Eastern Islands,transport,public transport MRT LRT bus stops,"public transport MRT LRT bus stops near North-Eastern Islands, North-Eastern Islands, Singapore",ChIJrSYX8Pg92jERCBdEFSd-FGU,Riviera,Singapore,4.4,15,"[""establishment"", ""light_rail_station"", ""point_of_interest"", ""transit_station""]",1.3945717,103.9163113,True
North-Eastern Islands,North-Eastern Islands,transport,public transport MRT LRT bus stops,"public transport MRT LRT bus stops near North-Eastern Islands, North-Eastern Islands, Singapore",ChIJswTEVN0b2jERsNv_yL3J1eQ,Telok Blangah Stn,Singapore,5.0,2,"[""establishment"", ""point_of_interest"", ""transit_station""]",1.270759,103.810097,True
North-Eastern Islands,North-Eastern Islands,transport,public transport MRT LRT bus stops,"public transport MRT LRT bus stops near North-Eastern Islands, North-Eastern Islands, Singapore",ChIJ80ix5Gga2jERdXgSC68O6Xs,Ghim Moh Ter,Singapore,4.5,11,"[""establishment"", ""point_of_interest"", ""transit_station""]",1.3110525,103.7893395,True
North-Eastern Islands,North-Eastern Islands,transport,public transport MRT LRT bus stops,"public transport MRT LRT bus stops near North-Eastern Islands, North-Eastern Islands, Singapore",ChIJhV5VAlEa2jERTyAiuShgZ8w,Nuh,Singapore,4.3,3,"[""establishment"", ""point_of_interest"", ""transit_station""]",1.296301,103.783463,True
North-Eastern Islands,North-Eastern Islands,transport,public transport MRT LRT bus stops,"public transport MRT LRT bus stops near North-Eastern Islands, North-Eastern Islands, Singapore",ChIJQbXzP1Aa2jERB1W8UM1UN-4,Opp Ayer Rajah Ind Est,Singapore,3.6,5,"[""establishment"", ""point_of_interest"", ""transit_station""]",1.2975591,103.7853936,True
North-Eastern Islands,North-Eastern Islands,transport,public transport MRT LRT bus stops,"public transport MRT LRT bus stops near North-Eastern Islands, North-Eastern Islands, Singapore",ChIJobnQuf8a2jERmYgqZ7Wu4_A,Heng Mui Keng Terr,Singapore,4.4,5,"[""establishment"", ""point_of_interest"", ""transit_station""]",1.2906697,103.7736902,True
North-Eastern Islands,North-Eastern Islands,transport,public transport MRT LRT bus stops,"public transport MRT LRT bus stops near North-Eastern Islands, North-Eastern Islands, Singapore",ChIJ-XxTolEa2jEREoXJFaBW-cw,Nuh,Singapore,4.3,3,"[""establishment"", ""point_of_interest"", ""transit_station""]",1.2954434,103.7844527,True
North-Eastern Islands,North-Eastern Islands,transport,public transport MRT LRT bus stops,"public transport MRT LRT bus stops near North-Eastern Islands, North-Eastern Islands, Singapore",ChIJWcYkIfQV2jERUDcXbC9eRuY,Punggol Coast,Singapore,4.5,82,"[""establishment"", ""point_of_interest"", ""subway_station"", ""transit_station""]",1.41491,103.91021,True
North-Eastern Islands,North-Eastern Islands,transport,public transport MRT LRT bus stops,"public transport MRT LRT bus stops near North-Eastern Islands, North-Eastern Islands, Singapore",ChIJX2HOp-cP2jERA6fPSEhdhjU,Lakeside Stn,Singapore,3.7,19,"[""bus_station"", ""establishment"", ""point_of_interest"", ""transit_station""]",1.344301,103.720243,True
North-Eastern Islands,North-Eastern Islands,transport,public transport MRT LRT bus stops,"public transport MRT LRT bus stops near North-Eastern Islands, North-Eastern Islands, Singapore",ChIJA__7aDEa2jERxXDylPqXFjY,Queenstown Stn Exit A/D,Singapore,4.1,8,"[""bus_station"", ""establishment"", ""point_of_interest"", ""transit_station""]",1.294615,103.805748,True
North-Eastern Islands,North-Eastern Islands,transport,public transport MRT LRT bus stops,"public transport MRT LRT bus stops near North-Eastern Islands, North-Eastern Islands, Singapore",ChIJxRaC9fg92jERRedtnXHMgmg,Riviera Stn Exit A,Singapore,3.4,5,"[""establishment"", ""point_of_interest"", ""transit_station""]",1.3940159,103.9160066,True
North-Eastern Islands,North-Eastern Islands,transport,public transport MRT LRT bus stops,"public transport MRT LRT bus stops near North-Eastern Islands, North-Eastern Islands, Singapore",ChIJl6fEXTQY2jERKo9bybKcZoU,Kallang Stn,Singapore,4.6,7,"[""bus_station"", ""establishment"", ""point_of_interest"", ""transit_station""]",1.3111679,103.871404,True
North-Eastern Islands,North-Eastern Islands,transport,public transport MRT LRT bus stops,"public transport MRT LRT bus stops near North-Eastern Islands, North-Eastern Islands, Singapore",ChIJi9J7UkUa2jEREUidaQaWpMU,One-North,"Ayer Rajah Ave, Singapore 138647",4.4,316,"[""establishment"", ""point_of_interest"", ""subway_station"", ""transit_station""]",1.2998113,103.7875947,True
North-Eastern Islands,North-Eastern Islands,transport,public transport MRT LRT bus stops,"public transport MRT LRT bus stops near North-Eastern Islands, North-Eastern Islands, Singapore",ChIJox37CGEa2jERvtedS0eQ6FA,Dover Stn Exit A,Singapore,4.6,7,"[""establishment"", ""point_of_interest"", ""transit_station""]",1.311234,103.778381,True
North-Eastern Islands,North-Eastern Islands,transport,public transport MRT LRT bus stops,"public transport MRT LRT bus stops near North-Eastern Islands, North-Eastern Islands, Singapore",ChIJHSFoU_ka2jER1hxgW5i82tQ,Kent Ridge Ter,Singapore,4.1,86,"[""establishment"", ""point_of_interest"", ""transit_station""]",1.294253,103.769882,True
North-Eastern Islands,North-Eastern Islands,transport,public transport MRT LRT bus stops,"public transport MRT LRT bus stops near North-Eastern Islands, North-Eastern Islands, Singapore",ChIJKerHUlAa2jERnRtwW8lvtp4,Opp NUH,Singapore,4.4,5,"[""bus_station"", ""establishment"", ""point_of_interest"", ""transit_station""]",1.296482,103.784554,True
North-Eastern Islands,North-Eastern Islands,transport,public transport MRT LRT bus stops,"public transport MRT LRT bus stops near North-Eastern Islands, North-Eastern Islands, Singapore",ChIJZRZji4UQ2jERqDfzF2gbFbY,King Albert Pk Stn,Singapore,4.0,6,"[""establishment"", ""point_of_interest"", ""transit_station""]",1.335983,103.782677,True
North-Eastern Islands,North-Eastern Islands,transport,public transport MRT LRT bus stops,"public transport MRT LRT bus stops near North-Eastern Islands, North-Eastern Islands, Singapore",ChIJld0CCLYZ2jERaWiRhOmdwxs,Lavender Stn Exit B,Singapore,4.5,15,"[""bus_station"", ""establishment"", ""point_of_interest"", ""transit_station""]",1.3071782,103.8622749,True
North-Eastern Islands,North-Eastern Islands,transport,public transport MRT LRT bus stops,"public transport MRT LRT bus stops near North-Eastern Islands, North-Eastern Islands, Singapore",ChIJeQJtwLkZ2jERZh49gYSTnU0,Jln Besar Stn Exit A,"Jln Besar, Singapore",4.9,12,"[""establishment"", ""point_of_interest"", ""transit_station""]",1.3045315,103.85486,True
North-Eastern Islands,North-Eastern Islands,food,food dining hawker centres restaurants cafes,"food dining hawker centres restaurants cafes near North-Eastern Islands, North-Eastern Islands, Singapore",ChIJdZupgcsb2jERP1Byeb2I-24,Alexandra Village Food Centre,"120 Bukit Merah Lane 1, Singapore 150120",4.2,6383,"[""establishment"", ""food"", ""point_of_interest"", ""restaurant""]",1.2863397,103.8045184,True
North-Eastern Islands,North-Eastern Islands,food,food dining hawker centres restaurants cafes,"food dining hawker centres restaurants cafes near North-Eastern Islands, North-Eastern Islands, Singapore",ChIJA7-QDAAX2jERGEqvYc1X04U,Anchorvale Village Hawker Centre,"339 Anchorvale Rd, Level 2, Singapore 540339",4.0,333,"[""establishment"", ""food"", ""point_of_interest"", ""restaurant""]",1.3967878,103.8881674,True
North-Eastern Islands,North-Eastern Islands,food,food dining hawker centres restaurants cafes,"food dining hawker centres restaurants cafes near North-Eastern Islands, North-Eastern Islands, Singapore",ChIJkalS-tQb2jERyBBUWbQg3eg,Redhill Food Centre,"85 Redhill Ln, Singapore 150085",4.2,2651,"[""establishment"", ""food"", ""point_of_interest"", ""restaurant""]",1.287294,103.8181829,True
North-Eastern Islands,North-Eastern Islands,food,food dining hawker centres restaurants cafes,"food dining hawker centres restaurants cafes near North-Eastern Islands, North-Eastern Islands, Singapore",ChIJZYVWBn4Z2jER-Wvcz8eQOnM,Bukit Merah View Market & Hawker Centre,"115 Bukit Merah Vw, Singapore 151115",4.2,3655,"[""establishment"", ""food"", ""point_of_interest"", ""restaurant""]",1.2854726,103.822269,True
North-Eastern Islands,North-Eastern Islands,food,food dining hawker centres restaurants cafes,"food dining hawker centres restaurants cafes near North-Eastern Islands, North-Eastern Islands, Singapore",ChIJv4Mk4QYa2jERlGncaOIvpW4,Adam Food Centre,"2 Adam Rd, Singapore 289876",4.2,8188,"[""establishment"", ""food"", ""point_of_interest"", ""restaurant""]",1.3240414,103.8141545,True
North-Eastern Islands,North-Eastern Islands,food,food dining hawker centres restaurants cafes,"food dining hawker centres restaurants cafes near North-Eastern Islands, North-Eastern Islands, Singapore",ChIJWzTvXEcY2jERvSzB8XNKKCk,Old Airport Road Food Centre,"51 Old Airport Rd, Singapore 390051",4.3,12661,"[""bakery"", ""establishment"", ""food"", ""point_of_interest"", ""restaurant"", ""store""]",1.3082405,103.8858445,True
North-Eastern Islands,North-Eastern Islands,food,food dining hawker centres restaurants cafes,"food dining hawker centres restaurants cafes near North-Eastern Islands, North-Eastern Islands, Singapore",ChIJOQISFhcY2jERcEPcJ_l2-RI,Haig Road Market & Food Centre,"14 Haig Rd, Singapore 430014",4.1,4350,"[""establishment"", ""food"", ""point_of_interest"", ""restaurant""]",1.3155435,103.895451,True
North-Eastern Islands,North-Eastern Islands,food,food dining hawker centres restaurants cafes,"food dining hawker centres restaurants cafes near North-Eastern Islands, North-Eastern Islands, Singapore",ChIJ72xdjXgZ2jERQkQHEiK2QJw,Havelock Road Cooked Food Centre,"22A Havelock Rd, Singapore 161022",4.0,1499,"[""establishment"", ""food"", ""point_of_interest"", ""restaurant""]",1.2877706,103.8295334,True
North-Eastern Islands,North-Eastern Islands,food,food dining hawker centres restaurants cafes,"food dining hawker centres restaurants cafes near North-Eastern Islands, North-Eastern Islands, Singapore",ChIJI-gKldYb2jERNcM2c5yLxNc,Bukit Merah Central Food Centre,"163 Bukit Merah Central, Singapore 150163",4.0,1388,"[""establishment"", ""food"", ""point_of_interest"", ""restaurant""]",1.2834536,103.8174057,True
North-Eastern Islands,North-Eastern Islands,food,food dining hawker centres restaurants cafes,"food dining hawker centres restaurants cafes near North-Eastern Islands, North-Eastern Islands, Singapore",ChIJ_c6vFoMZ2jERBWATXfBQ7Aw,Zion Riverside Food Centre,"70 Zion Rd, Singapore 247792",4.2,3990,"[""establishment"", ""food"", ""point_of_interest"", ""restaurant""]",1.2924675,103.8313302,True
North-Eastern Islands,North-Eastern Islands,food,food dining hawker centres restaurants cafes,"food dining hawker centres restaurants cafes near North-Eastern Islands, North-Eastern Islands, Singapore",ChIJq6pqKmUW2jER_M5aWJXKWjs,Fernvale Hawker Centre & Market,"21 Sengkang W Ave, Fernvale Community Club, Singapore 797650",3.9,1105,"[""establishment"", ""food"", ""point_of_interest"", ""restaurant""]",1.3914265,103.8770213,True
North-Eastern Islands,North-Eastern Islands,food,food dining hawker centres restaurants cafes,"food dining hawker centres restaurants cafes near North-Eastern Islands, North-Eastern Islands, Singapore",ChIJ5Y6l4Q0Z2jERYL0KDIjT6v0,Lau Pa Sat,"18 Raffles Quay, Singapore 048582",4.4,38467,"[""establishment"", ""food"", ""point_of_interest"", ""restaurant"", ""tourist_attraction""]",1.2805121,103.8503809,True
North-Eastern Islands,North-Eastern Islands,food,food dining hawker centres restaurants cafes,"food dining hawker centres restaurants cafes near North-Eastern Islands, North-Eastern Islands, Singapore",ChIJf3Yu7bsb2jERADDFSroHkq0,Pasir Panjang Food Centre,"121 Pasir Panjang Rd, Singapore 118543",4.0,3521,"[""establishment"", ""food"", ""point_of_interest"", ""restaurant""]",1.27598,103.7912552,True
North-Eastern Islands,North-Eastern Islands,food,food dining hawker centres restaurants cafes,"food dining hawker centres restaurants cafes near North-Eastern Islands, North-Eastern Islands, Singapore",ChIJ7SUpBGoa2jER31LgG0EuOmk,Holland Drive Market & Food Centre,"44 Holland Dr, Singapore 270044",4.1,3184,"[""establishment"", ""food"", ""point_of_interest"", ""restaurant""]",1.308167,103.7927992,True
North-Eastern Islands,North-Eastern Islands,food,food dining hawker centres restaurants cafes,"food dining hawker centres restaurants cafes near North-Eastern Islands, North-Eastern Islands, Singapore",ChIJseQsTQ0Z2jERqpBTWF0Zf84,Maxwell Food Centre,"1 Kadayanallur St, Singapore 069184",4.4,23479,"[""establishment"", ""food"", ""point_of_interest"", ""restaurant"", ""tourist_attraction""]",1.2803361,103.844767,True
North-Eastern Islands,North-Eastern Islands,food,food dining hawker centres restaurants cafes,"food dining hawker centres restaurants cafes near North-Eastern Islands, North-Eastern Islands, Singapore",ChIJ04DTdbQZ2jERFt4kBQi-E60,Golden Mile Food Centre,"505 Beach Rd, Singapore 199583",4.3,7464,"[""establishment"", ""food"", ""point_of_interest"", ""restaurant""]",1.3030908,103.8639299,True
North-Eastern Islands,North-Eastern Islands,food,food dining hawker centres restaurants cafes,"food dining hawker centres restaurants cafes near North-Eastern Islands, North-Eastern Islands, Singapore",ChIJKY77qdYb2jERgrqa1URSZIM,ABC Brickworks Market & Food Centre,"6 Jalan Bukit Merah, Singapore 150006",4.2,8448,"[""establishment"", ""food"", ""point_of_interest"", ""restaurant""]",1.2869047,103.8081551,True
North-Eastern Islands,North-Eastern Islands,food,food dining hawker centres restaurants cafes,"food dining hawker centres restaurants cafes near North-Eastern Islands, North-Eastern Islands, Singapore",ChIJ1ZbzmxIZ2jERLxbskKJNx8Q,Amoy Street Food Centre,"7 Maxwell Rd, Singapore 069111",4.3,3558,"[""establishment"", ""food"", ""point_of_interest"", ""restaurant""]",1.2794274,103.8467957,True
North-Eastern Islands,North-Eastern Islands,food,food dining hawker centres restaurants cafes,"food dining hawker centres restaurants cafes near North-Eastern Islands, North-Eastern Islands, Singapore",ChIJJ4ldDwwZ2jER36nRVAyIXc8,Market Street Hawker Centre,"86 Market St, Singapore 048947",4.3,606,"[""establishment"", ""food"", ""point_of_interest"", ""restaurant""]",1.2849619,103.8502058,True
North-Eastern Islands,North-Eastern Islands,food,food dining hawker centres restaurants cafes,"food dining hawker centres restaurants cafes near North-Eastern Islands, North-Eastern Islands, Singapore",ChIJRwKzawsZ2jERKxpszLl54EU,Hong Lim Market & Food Centre,"531A Upper Cross St, Singapore 051531",4.3,6616,"[""establishment"", ""food"", ""point_of_interest"", ""restaurant"", ""tourist_attraction""]",1.2853948,103.8458272,True
North-Eastern Islands,North-Eastern Islands,shopping,shopping groceries malls supermarkets markets,"shopping groceries malls supermarkets markets near North-Eastern Islands, North-Eastern Islands, Singapore",ChIJZ1omp8gZ2jERgDUAb_hBKLY,City Square Mall,"180 Kitchener Rd, Singapore 208539",4.3,22861,"[""establishment"", ""point_of_interest"", ""shopping_mall""]",1.3114516,103.8561608,True
North-Eastern Islands,North-Eastern Islands,shopping,shopping groceries malls supermarkets markets,"shopping groceries malls supermarkets markets near North-Eastern Islands, North-Eastern Islands, Singapore",ChIJV3jnw6YX2jERurNrcbzl9Vs,FairPrice Xtra NEX,"23 Serangoon Central, #03-42 NEX, Singapore 556083",4.3,2070,"[""establishment"", ""food"", ""grocery_or_supermarket"", ""point_of_interest"", ""store"", ""supermarket""]",1.3506853,103.8719911,True
North-Eastern Islands,North-Eastern Islands,shopping,shopping groceries malls supermarkets markets,"shopping groceries malls supermarkets markets near North-Eastern Islands, North-Eastern Islands, Singapore",ChIJTyWXW4EZ2jERvzrznx6-XSc,"Little Farms Market, Valley Point (Grocery store)","491 River Valley Rd, #01-20, Singapore 248371",4.5,862,"[""establishment"", ""food"", ""grocery_or_supermarket"", ""point_of_interest"", ""store""]",1.2931219,103.8269124,True
North-Eastern Islands,North-Eastern Islands,shopping,shopping groceries malls supermarkets markets,"shopping groceries malls supermarkets markets near North-Eastern Islands, North-Eastern Islands, Singapore",ChIJP-DyGdUb2jER4JzqRS-ubV8,Redhill Market,"79 Redhill Ln, Singapore 150079",4.2,3625,"[""establishment"", ""point_of_interest""]",1.2878415,103.8182751,True
North-Eastern Islands,North-Eastern Islands,shopping,shopping groceries malls supermarkets markets,"shopping groceries malls supermarkets markets near North-Eastern Islands, North-Eastern Islands, Singapore",ChIJn-gIK6QZ2jERdYjUlDWvNNc,CS Fresh,"252 N Bridge Rd, #B1-01, Singapore 179103",4.3,1753,"[""establishment"", ""food"", ""grocery_or_supermarket"", ""point_of_interest"", ""restaurant"", ""storage"", ""store"", ""supermarket""]",1.2938879,103.853569,True
North-Eastern Islands,North-Eastern Islands,shopping,shopping groceries malls supermarkets markets,"shopping groceries malls supermarkets markets near North-Eastern Islands, North-Eastern Islands, Singapore",ChIJn1iEdKQb2jERjI5fTMJ7CSQ,Margaret Market,"38 Margaret Dr, Singapore 141038",4.0,222,"[""establishment"", ""point_of_interest""]",1.2977375,103.8043387,True
North-Eastern Islands,North-Eastern Islands,shopping,shopping groceries malls supermarkets markets,"shopping groceries malls supermarkets markets near North-Eastern Islands, North-Eastern Islands, Singapore",ChIJxzqK6cg92jERB-QagzzIEzs,Loyang Point,"258-259 Pasir Ris Street 21, Singapore 510259",4.2,2195,"[""establishment"", ""point_of_interest"", ""shopping_mall""]",1.3669795,103.9645538,True
North-Eastern Islands,North-Eastern Islands,shopping,shopping groceries malls supermarkets markets,"shopping groceries malls supermarkets markets near North-Eastern Islands, North-Eastern Islands, Singapore",ChIJq93BHIkQ2jEReDU1CrhkeOg,FairPrice Finest Bukit Timah Plaza,"1 Jln Anak Bukit, #B1-01 & #B2-01, Bukit Timah Plaza, 1 Jalan Anak Bukit, Singapore 588996",4.4,1268,"[""establishment"", ""food"", ""grocery_or_supermarket"", ""point_of_interest"", ""store"", ""supermarket""]",1.3383817,103.7783546,True
North-Eastern Islands,North-Eastern Islands,shopping,shopping groceries malls supermarkets markets,"shopping groceries malls supermarkets markets near North-Eastern Islands, North-Eastern Islands, Singapore",ChIJJ6SpJdwZ2jER3cMcWGFXnTc,"Little Farms Market, Tanglin Mall (Grocery store)","163 Tanglin Rd, #02-136, Singapore 247933",4.6,273,"[""cafe"", ""establishment"", ""food"", ""grocery_or_supermarket"", ""point_of_interest"", ""restaurant"", ""store""]",1.3050246,103.8235685,True
North-Eastern Islands,North-Eastern Islands,shopping,shopping groceries malls supermarkets markets,"shopping groceries malls supermarkets markets near North-Eastern Islands, North-Eastern Islands, Singapore",ChIJeRqAraYX2jERQpyIAXSU1SU,NEX,"Serangoon Central, 23, Singapore 556083",4.3,22292,"[""establishment"", ""point_of_interest"", ""shopping_mall""]",1.3507155,103.8720247,True
North-Eastern Islands,North-Eastern Islands,shopping,shopping groceries malls supermarkets markets,"shopping groceries malls supermarkets markets near North-Eastern Islands, North-Eastern Islands, Singapore",ChIJcdUlky0a2jERHuQ4kJzl9vA,Dawson Place,"57 Dawson Rd, Singapore 142057",3.9,1428,"[""establishment"", ""point_of_interest"", ""shopping_mall""]",1.2926472,103.8107529,True
North-Eastern Islands,North-Eastern Islands,shopping,shopping groceries malls supermarkets markets,"shopping groceries malls supermarkets markets near North-Eastern Islands, North-Eastern Islands, Singapore",ChIJl_sOMpIZ2jERxxBnQVJpECQ,CS Fresh Gold Paragon,"290 Orchard Rd, B1-21/22 Paragon, Singapore 238859",4.3,926,"[""establishment"", ""food"", ""grocery_or_supermarket"", ""point_of_interest"", ""store"", ""supermarket""]",1.3036312,103.835694,True
North-Eastern Islands,North-Eastern Islands,shopping,shopping groceries malls supermarkets markets,"shopping groceries malls supermarkets markets near North-Eastern Islands, North-Eastern Islands, Singapore",ChIJK52N1cUR2jERUTiO_ETnynU,One Holland Village,"7 Holland Vlg Wy, Singapore 275748",4.4,768,"[""establishment"", ""point_of_interest"", ""shopping_mall""]",1.311462,103.7937523,True
North-Eastern Islands,North-Eastern Islands,shopping,shopping groceries malls supermarkets markets,"shopping groceries malls supermarkets markets near North-Eastern Islands, North-Eastern Islands, Singapore",ChIJp0JVlEIa2jER9lM6m1VP3S0,CS Fresh The Star Vista,"1 Vista Exchange Green #B1-02&35/36, The Star Vista, Singapore 138617",3.9,401,"[""establishment"", ""food"", ""grocery_or_supermarket"", ""point_of_interest"", ""storage"", ""store"", ""supermarket""]",1.3068384,103.7879216,True
North-Eastern Islands,North-Eastern Islands,shopping,shopping groceries malls supermarkets markets,"shopping groceries malls supermarkets markets near North-Eastern Islands, North-Eastern Islands, Singapore",ChIJUYZa0eYW2jER799TbWPdBpk,FairPrice Xtra AMK Hub,"53 Ang Mo Kio Avenue 3, #B2-40, AMK Hub, Singapore 569933",4.3,3313,"[""establishment"", ""food"", ""grocery_or_supermarket"", ""point_of_interest"", ""store"", ""supermarket""]",1.36953,103.8484398,True
North-Eastern Islands,North-Eastern Islands,shopping,shopping groceries malls supermarkets markets,"shopping groceries malls supermarkets markets near North-Eastern Islands, North-Eastern Islands, Singapore",ChIJj7TW9LoZ2jERQgNlXkKhASQ,Bugis Street,"261 Victoria St, Singapore 189876",4.4,21915,"[""establishment"", ""point_of_interest"", ""shopping_mall""]",1.3001991,103.8552015,True
North-Eastern Islands,North-Eastern Islands,shopping,shopping groceries malls supermarkets markets,"shopping groceries malls supermarkets markets near North-Eastern Islands, North-Eastern Islands, Singapore",ChIJmQIrNAUW2jER6VgPAnslDhU,Rivervale Mall,"11 Rivervale Cres, Singapore 545082",3.9,3301,"[""establishment"", ""point_of_interest"", ""shopping_mall""]",1.3922624,103.9044463,True
North-Eastern Islands,North-Eastern Islands,shopping,shopping groceries malls supermarkets markets,"shopping groceries malls supermarkets markets near North-Eastern Islands, North-Eastern Islands, Singapore",ChIJw656L8Mb2jERzs3namlmYGs,Telok Blangah Mall,"78A Telok Blangah Street 32, Singapore 101078",4.0,67,"[""establishment"", ""point_of_interest"", ""shopping_mall""]",1.2735039,103.8090393,True
North-Eastern Islands,North-Eastern Islands,shopping,shopping groceries malls supermarkets markets,"shopping groceries malls supermarkets markets near North-Eastern Islands, North-Eastern Islands, Singapore",ChIJnV4ZVGoa2jERtOxCkkl9xvA,CS Fresh @ Holland Shopping Centre,"211 Holland Ave, #01-02,04,05 Holland Shopping Ctr, Singapore 278967",4.1,734,"[""establishment"", ""food"", ""grocery_or_supermarket"", ""point_of_interest"", ""store"", ""supermarket""]",1.3101604,103.7954036,True
North-Eastern Islands,North-Eastern Islands,shopping,shopping groceries malls supermarkets markets,"shopping groceries malls supermarkets markets near North-Eastern Islands, North-Eastern Islands, Singapore",ChIJwz3yHMEb2jERHclcbs5KL4A,Alexandra Retail Centre (ARC),"460 Alexandra Rd, Singapore 119963",4.1,4618,"[""establishment"", ""point_of_interest"", ""shopping_mall""]",1.2739139,103.8015008,True
North-Eastern Islands,North-Eastern Islands,recreation,recreation sports gyms swimming community clubs,"recreation sports gyms swimming community clubs near North-Eastern Islands, North-Eastern Islands, Singapore",ChIJgz37DHQW2jERqjPlPqDQ9cE,Anchorvale Community Club,"59 Anchorvale Rd, Singapore 544965",4.4,1028,"[""establishment"", ""point_of_interest""]",1.3967802,103.887063,True
North-Eastern Islands,North-Eastern Islands,recreation,recreation sports gyms swimming community clubs,"recreation sports gyms swimming community clubs near North-Eastern Islands, North-Eastern Islands, Singapore",ChIJURXsNa092jERHMncG26FzIo,Pasir Ris East Community Club,"1 Pasir Ris Drive 4, #01-08 East Community Building, Singapore 519457",4.1,1076,"[""establishment"", ""point_of_interest""]",1.3685335,103.959445,True
North-Eastern Islands,North-Eastern Islands,recreation,recreation sports gyms swimming community clubs,"recreation sports gyms swimming community clubs near North-Eastern Islands, North-Eastern Islands, Singapore",ChIJj69OSrA92jER42yLl8ctTU0,Pasir Ris Swimming Complex,"120 Pasir Ris Central, Singapore 519640",4.1,422,"[""establishment"", ""point_of_interest""]",1.3743382,103.9521336,True
North-Eastern Islands,North-Eastern Islands,recreation,recreation sports gyms swimming community clubs,"recreation sports gyms swimming community clubs near North-Eastern Islands, North-Eastern Islands, Singapore",ChIJG54AV6YZ2jEREJaczuWecw8,Singapore Recreation Club,"Connaught Dr, B, Singapore 179682",4.3,1133,"[""establishment"", ""point_of_interest""]",1.2921094,103.8537784,True
North-Eastern Islands,North-Eastern Islands,recreation,recreation sports gyms swimming community clubs,"recreation sports gyms swimming community clubs near North-Eastern Islands, North-Eastern Islands, Singapore",ChIJwxMSITs82jERsbEYqi4g_B4,Changi Beach Club,"2 Andover Rd, Singapore 509984",4.0,427,"[""establishment"", ""point_of_interest""]",1.3902019,103.9755178,True
North-Eastern Islands,North-Eastern Islands,recreation,recreation sports gyms swimming community clubs,"recreation sports gyms swimming community clubs near North-Eastern Islands, North-Eastern Islands, Singapore",ChIJVQ8bzSoa2jERbYemdYtj8kM,Delta Swimming Complex,"900 Tiong Bahru Rd, Singapore 158790",4.0,450,"[""establishment"", ""point_of_interest""]",1.2897143,103.8202466,True
North-Eastern Islands,North-Eastern Islands,recreation,recreation sports gyms swimming community clubs,"recreation sports gyms swimming community clubs near North-Eastern Islands, North-Eastern Islands, Singapore",ChIJq6qq-ioY2jERuPweaO8nY08,Kolam Ayer Community Club,"1 Geylang Bahru Ln, #01-01, Singapore 339631",4.4,448,"[""establishment"", ""point_of_interest""]",1.3242613,103.8697786,True
North-Eastern Islands,North-Eastern Islands,recreation,recreation sports gyms swimming community clubs,"recreation sports gyms swimming community clubs near North-Eastern Islands, North-Eastern Islands, Singapore",ChIJVWNV5GUU2jER2Y-RPCaMni0,Nee Soon East Community Club,"1 Yishun Ave 9, Singapore 768893",4.3,1060,"[""establishment"", ""point_of_interest""]",1.4309056,103.8386666,True
North-Eastern Islands,North-Eastern Islands,recreation,recreation sports gyms swimming community clubs,"recreation sports gyms swimming community clubs near North-Eastern Islands, North-Eastern Islands, Singapore",ChIJRQBn6loY2jERjqNd6Z0qL1k,Singapore Swimming Club,"45 Tanjong Rhu Rd, Singapore Swimming Club, Singapore 436899",4.4,1202,"[""establishment"", ""point_of_interest""]",1.2972808,103.8818315,True
North-Eastern Islands,North-Eastern Islands,recreation,recreation sports gyms swimming community clubs,"recreation sports gyms swimming community clubs near North-Eastern Islands, North-Eastern Islands, Singapore",ChIJO6G5FTs82jER4FH2FMxLlb4,Changi Beach Club Sports Complex,"350 Cranwell Rd, Singapore 509864",4.2,72,"[""establishment"", ""point_of_interest""]",1.3897361,103.9766143,True
North-Eastern Islands,North-Eastern Islands,recreation,recreation sports gyms swimming community clubs,"recreation sports gyms swimming community clubs near North-Eastern Islands, North-Eastern Islands, Singapore",ChIJkeX4YFsa2jERDRq9DzW0FHI,ACJC Sports Complex,"25 Dover Cl E, Singapore 139745",4.1,51,"[""establishment"", ""point_of_interest""]",1.301924,103.7863617,True
North-Eastern Islands,North-Eastern Islands,recreation,recreation sports gyms swimming community clubs,"recreation sports gyms swimming community clubs near North-Eastern Islands, North-Eastern Islands, Singapore",ChIJe__sLzw92jER4EovWn2Vpvs,Changi Airport Recreation Club,"60 Airport Boulevard, T2 Car Park 2B, 3 &, #3M Level, Singapore 819643",3.9,37,"[""cafe"", ""establishment"", ""food"", ""point_of_interest""]",1.3571436,103.9898675,True
North-Eastern Islands,North-Eastern Islands,recreation,recreation sports gyms swimming community clubs,"recreation sports gyms swimming community clubs near North-Eastern Islands, North-Eastern Islands, Singapore",ChIJOZIFa34Z2jERL9_IhYLjUH4,Henderson Community Club,"500 Bukit Merah Vw, Singapore 159682",4.1,352,"[""establishment"", ""point_of_interest""]",1.2858271,103.823121,True
North-Eastern Islands,North-Eastern Islands,recreation,recreation sports gyms swimming community clubs,"recreation sports gyms swimming community clubs near North-Eastern Islands, North-Eastern Islands, Singapore",ChIJ44exaL0b2jERbSxwV6gNBdw,Telok Blangah Community Club,"450 Telok Blangah Street 31, Singapore 108943",4.3,218,"[""establishment"", ""point_of_interest""]",1.274783,103.8078165,True
North-Eastern Islands,North-Eastern Islands,recreation,recreation sports gyms swimming community clubs,"recreation sports gyms swimming community clubs near North-Eastern Islands, North-Eastern Islands, Singapore",ChIJ0S3wSmoa2jER2aq7I8gFiy0,Buona Vista Community Club,"36 Holland Dr, Singapore 270036",4.2,1126,"[""establishment"", ""point_of_interest""]",1.3094603,103.7926982,True
North-Eastern Islands,North-Eastern Islands,recreation,recreation sports gyms swimming community clubs,"recreation sports gyms swimming community clubs near North-Eastern Islands, North-Eastern Islands, Singapore",ChIJs45bbr0R2jERwByR91EdWqw,Senja-Cashew Community Club,"101 Bukit Panjang Rd, Singapore 679910",4.3,1262,"[""establishment"", ""point_of_interest""]",1.381403,103.764651,True
North-Eastern Islands,North-Eastern Islands,recreation,recreation sports gyms swimming community clubs,"recreation sports gyms swimming community clubs near North-Eastern Islands, North-Eastern Islands, Singapore",ChIJ2cCNCFga2jER5JmIg6WzSNk,University Sports Centre,"2 Sports Dr., Singapore 117288",4.5,114,"[""establishment"", ""gym"", ""health"", ""point_of_interest""]",1.2997617,103.7754896,True
North-Eastern Islands,North-Eastern Islands,recreation,recreation sports gyms swimming community clubs,"recreation sports gyms swimming community clubs near North-Eastern Islands, North-Eastern Islands, Singapore",ChIJoSghZGwZ2jERh4q9jEcnnXM,Tanjong Pagar Community Club,"101 Cantonment Rd, Singapore 089774",4.3,774,"[""establishment"", ""point_of_interest""]",1.2761083,103.8416067,True
North-Eastern Islands,North-Eastern Islands,recreation,recreation sports gyms swimming community clubs,"recreation sports gyms swimming community clubs near North-Eastern Islands, North-Eastern Islands, Singapore",ChIJ6wSMeewZ2jERnRkQnVf_7-c,Cairnhill Community Club,"1 Anthony Rd, #02-06/07, Singapore 229944",4.3,387,"[""establishment"", ""point_of_interest""]",1.3103626,103.8391521,True
North-Eastern Islands,North-Eastern Islands,recreation,recreation sports gyms swimming community clubs,"recreation sports gyms swimming community clubs near North-Eastern Islands, North-Eastern Islands, Singapore",ChIJPXkdXM4b2jEROHG66wu0HWI,HP Recreation And Clubhouse,"1150 Depot Rd, Singapore 109673",4.7,33,"[""establishment"", ""point_of_interest""]",1.2830163,103.8074085,True
North-Eastern Islands,North-Eastern Islands,nature,parks gardens nature waterfront park connectors,"parks gardens nature waterfront park connectors near North-Eastern Islands, North-Eastern Islands, Singapore",ChIJBVVBo_EV2jER-jKR3Hy6qUk,Punggol Waterway Park,"Sentul Cres, Singapore 821313",4.5,2634,"[""establishment"", ""park"", ""point_of_interest"", ""tourist_attraction""]",1.4111377,103.9044621,True
North-Eastern Islands,North-Eastern Islands,nature,parks gardens nature waterfront park connectors,"parks gardens nature waterfront park connectors near North-Eastern Islands, North-Eastern Islands, Singapore",ChIJi090zPwS2jERiJCqFWoP8Z4,Woodlands Waterfront Park,"Admiralty Rd W, Singapore 759956",4.5,3993,"[""establishment"", ""park"", ""point_of_interest"", ""tourist_attraction""]",1.4530529,103.7804801,True
North-Eastern Islands,North-Eastern Islands,nature,parks gardens nature waterfront park connectors,"parks gardens nature waterfront park connectors near North-Eastern Islands, North-Eastern Islands, Singapore",ChIJ-71pnJ092jERTlqtddnAs-0,Changi Bay Park Connector,"2a Changi Ferry Rd, Singapore",4.5,53,"[""establishment"", ""park"", ""point_of_interest""]",1.3708445,104.0048402,True
North-Eastern Islands,North-Eastern Islands,nature,parks gardens nature waterfront park connectors,"parks gardens nature waterfront park connectors near North-Eastern Islands, North-Eastern Islands, Singapore",ChIJ0ZnzsXUW2jER9IrUeleR7To,Sengkang Riverside Park,"Anchorvale Street, Singapore 544834",4.4,2243,"[""establishment"", ""park"", ""point_of_interest"", ""tourist_attraction""]",1.3993143,103.8848743,True
North-Eastern Islands,North-Eastern Islands,nature,parks gardens nature waterfront park connectors,"parks gardens nature waterfront park connectors near North-Eastern Islands, North-Eastern Islands, Singapore",ChIJdW0FcZ492jERNGCGfn_-tIs,Pasir Ris Park PCN,Singapore,4.6,14,"[""establishment"", ""park"", ""point_of_interest""]",1.3878786,103.9390916,True
North-Eastern Islands,North-Eastern Islands,nature,parks gardens nature waterfront park connectors,"parks gardens nature waterfront park connectors near North-Eastern Islands, North-Eastern Islands, Singapore",ChIJPaCM_rc92jERV8tCJVqWweM,Pasir Ris Park Connector,"201 Pasir Ris Rd, Singapore 519147 Pasir Ris Rd, Singapore 519147",4.6,61,"[""establishment"", ""park"", ""point_of_interest""]",1.3819941,103.9494825,True
North-Eastern Islands,North-Eastern Islands,nature,parks gardens nature waterfront park connectors,"parks gardens nature waterfront park connectors near North-Eastern Islands, North-Eastern Islands, Singapore",ChIJpe5vTGYV2jEReK-nqDGW0JI,Hampstead Wetlands Park,"1 Baker St, Singapore 799977",4.3,381,"[""establishment"", ""park"", ""point_of_interest""]",1.4094026,103.8693039,True
North-Eastern Islands,North-Eastern Islands,nature,parks gardens nature waterfront park connectors,"parks gardens nature waterfront park connectors near North-Eastern Islands, North-Eastern Islands, Singapore",ChIJ31PrSvUV2jERWTV8nPDI7zU,Punggol Promenade Nature Walk,Singapore,4.6,154,"[""establishment"", ""park"", ""point_of_interest""]",1.4212265,103.9116925,True
North-Eastern Islands,North-Eastern Islands,nature,parks gardens nature waterfront park connectors,"parks gardens nature waterfront park connectors near North-Eastern Islands, North-Eastern Islands, Singapore",ChIJkxPekGcW2jERUdkS8wU1fGU,PCN North East Riverine Loop Access Point,"Lor Buangkok, Singapore",4.5,184,"[""establishment"", ""park"", ""point_of_interest""]",1.3833986,103.8775899,True
North-Eastern Islands,North-Eastern Islands,nature,parks gardens nature waterfront park connectors,"parks gardens nature waterfront park connectors near North-Eastern Islands, North-Eastern Islands, Singapore",ChIJPxrZPIsV2jER9v5LjJXKSTM,Punggol Point Park,"Punggol Point Rd, Singapore",4.5,884,"[""establishment"", ""park"", ""point_of_interest"", ""tourist_attraction""]",1.4210326,103.9111425,True
North-Eastern Islands,North-Eastern Islands,nature,parks gardens nature waterfront park connectors,"parks gardens nature waterfront park connectors near North-Eastern Islands, North-Eastern Islands, Singapore",ChIJIdel7DsW2jERWep5ioblaeg,Punggol Park,"Hougang Ave 10, Singapore 538768",4.4,3063,"[""establishment"", ""park"", ""point_of_interest""]",1.3777014,103.8976583,True
North-Eastern Islands,North-Eastern Islands,nature,parks gardens nature waterfront park connectors,"parks gardens nature waterfront park connectors near North-Eastern Islands, North-Eastern Islands, Singapore",ChIJ6-NSMYoV2jERge8VCAIJDbI,My Waterway@ Punggol,"Punggol Way, Singapore",4.5,37,"[""establishment"", ""park"", ""point_of_interest""]",1.409054,103.9077225,True
North-Eastern Islands,North-Eastern Islands,nature,parks gardens nature waterfront park connectors,"parks gardens nature waterfront park connectors near North-Eastern Islands, North-Eastern Islands, Singapore",ChIJq_5RjPUQ2jERQZR7bzih7tw,Hindhede Nature Park,"Hindhede Dr, Singapore",4.5,970,"[""establishment"", ""park"", ""point_of_interest"", ""tourist_attraction""]",1.3491093,103.7754308,True
North-Eastern Islands,North-Eastern Islands,nature,parks gardens nature waterfront park connectors,"parks gardens nature waterfront park connectors near North-Eastern Islands, North-Eastern Islands, Singapore",ChIJw62n3Vo92jERl8c1cg9hXzE,Bedok Reservoir Park,"760 Bedok Reservoir Rd, Singapore 479245",4.5,3916,"[""establishment"", ""park"", ""point_of_interest"", ""tourist_attraction""]",1.3391413,103.922706,True
North-Eastern Islands,North-Eastern Islands,nature,parks gardens nature waterfront park connectors,"parks gardens nature waterfront park connectors near North-Eastern Islands, North-Eastern Islands, Singapore",ChIJ42oYzrMZ2jERBvQPkuvE8DA,Gardens by the Bay East (Panoramic view),Singapore,4.8,275,"[""establishment"", ""point_of_interest"", ""tourist_attraction""]",1.2881069,103.8690209,True
North-Eastern Islands,North-Eastern Islands,nature,parks gardens nature waterfront park connectors,"parks gardens nature waterfront park connectors near North-Eastern Islands, North-Eastern Islands, Singapore",ChIJxZwgg1kZ2jERfsCcuEg0JC4,Kallang Park Connector,"998 Bendemeer Rd, Singapore 339945",4.4,119,"[""establishment"", ""park"", ""point_of_interest""]",1.3221012,103.8676558,True
North-Eastern Islands,North-Eastern Islands,nature,parks gardens nature waterfront park connectors,"parks gardens nature waterfront park connectors near North-Eastern Islands, North-Eastern Islands, Singapore",ChIJ_6g8kisX2jERaGrSixd_xbM,Windsor Nature Park,"30 Venus Dr, Singapore 573858",4.6,1759,"[""establishment"", ""park"", ""point_of_interest"", ""tourist_attraction""]",1.3566265,103.8214319,True
North-Eastern Islands,North-Eastern Islands,nature,parks gardens nature waterfront park connectors,"parks gardens nature waterfront park connectors near North-Eastern Islands, North-Eastern Islands, Singapore",ChIJ4QhPDSMT2jER-K6cnYYSNZw,Ulu Sembawang Park Connector,"403R Jln Ulu Sembawang, Singapore 779563",4.4,108,"[""establishment"", ""park"", ""point_of_interest""]",1.422046,103.7928186,True
North-Eastern Islands,North-Eastern Islands,nature,parks gardens nature waterfront park connectors,"parks gardens nature waterfront park connectors near North-Eastern Islands, North-Eastern Islands, Singapore",ChIJied_ZdIT2jERfFB2io7NbV0,Central Catchment Park Connector,"Mandai Rd, Singapore",4.5,547,"[""establishment"", ""point_of_interest""]",1.4105867,103.7783568,True
North-Eastern Islands,North-Eastern Islands,nature,parks gardens nature waterfront park connectors,"parks gardens nature waterfront park connectors near North-Eastern Islands, North-Eastern Islands, Singapore",ChIJMxZeJ5sT2jERG3KCuLiIsjw,Woodlands Park Connector (SLE),Singapore,4.7,9,"[""establishment"", ""park"", ""point_of_interest""]",1.4254469,103.7905053,True
