planning_area,subzone,poi_dimension,place_query_type,place_id,place_name,place_rating,place_user_ratings_total,review_index,review_author_name,review_author_url,review_language,review_profile_photo_url,review_rating,review_relative_time_description,review_time,review_text
North-Eastern Islands,North-Eastern Islands,education,education facilities schools childcare libraries,ChIJ-0k4ljEV2jERUd3RjzibqqE,EduFirst Learning Centre (Punggol) - English Math Chinese Science Tuition Centre Singapore,4.7,147,0,C.C,https://www.google.com/maps/contrib/108239609866149553743/reviews,en,https://lh3.googleusercontent.com/a-/ALV-UjWdmRNAvjY5Qw4qF5OD1167VqXBZPWmhJ6Y1SKmp2uEdooVLmuk=s128-c0x00000000-cc-rp-mo-ba3,5,2 months ago,1777268707,"We are very happy with student care service provided by Edufirst Learning Centre. The teachers are kind, patient, and caring. My daughter feels safe and comfortable here.

Especially during P1, my daughter was still new and not familiar with school life.  She needed more guidance and time to adjust. Tr Huiling took very good care of her and patiently guided her through homework, school rules and gave her encouragement, which helped her to feel more confident.

The center is well arranged with many activities for the students. Even during the school holidays, there are excursions and activities planned so the students stay active, happy and motivated while learning.

We really appreciate the effort and care from the teachers. Thank you for creating a positive and supportive place for the children."
North-Eastern Islands,North-Eastern Islands,education,education facilities schools childcare libraries,ChIJ-0k4ljEV2jERUd3RjzibqqE,EduFirst Learning Centre (Punggol) - English Math Chinese Science Tuition Centre Singapore,4.7,147,1,Angelina An,https://www.google.com/maps/contrib/115272583131855017630/reviews,en,https://lh3.googleusercontent.com/a-/ALV-UjVOT8z5wEFeqn55JNReXDCVBJQR7KBUcYCgX4cnm87AP5AsSqtL=s128-c0x00000000-cc-rp-mo,5,2 months ago,1778240391,"My child has joined the student care this year and I'm glad I had chosen Edufirst. The teachers here are diligent and responsible, especially teacher Huiling, who provides strong academic support and daily feedback. She monitors my child’s school homework closely and ensure that spelling revision is done thoroughly every week. Beyond the academics, you can tell the teachers truly care about the well-being of the students. It gives me great peace of mind knowing my child is in such caring hands while I’m at work."
North-Eastern Islands,North-Eastern Islands,education,education facilities schools childcare libraries,ChIJ-0k4ljEV2jERUd3RjzibqqE,EduFirst Learning Centre (Punggol) - English Math Chinese Science Tuition Centre Singapore,4.7,147,2,Kah Ying,https://www.google.com/maps/contrib/106787752556363690946/reviews,en,https://lh3.googleusercontent.com/a/ACg8ocI2xvWWNSK3gG5DhosT8GmZs7w6Z0w2j7FRkGLlaeGsBcqj8A=s128-c0x00000000-cc-rp-mo-ba2,5,2 months ago,1777389291,"Really glad to have enrolled my P1 kid into Edufirst as he’s happy and adapting well in the centre. Staff and teachers were caring towards him. Would like to thank all the staff and teachers for their patience and guidance, esp Tr Huiling, who’s in-charge of his class. She would ensure that the children complete their school work properly as it’s the centre’s top priority. After which, children may proceed with other learning activities or outdoor activities. Highly recommend this centre to any parent looking for student care in Punggol area!"
North-Eastern Islands,North-Eastern Islands,education,education facilities schools childcare libraries,ChIJ-0k4ljEV2jERUd3RjzibqqE,EduFirst Learning Centre (Punggol) - English Math Chinese Science Tuition Centre Singapore,4.7,147,3,Li Qian Tan,https://www.google.com/maps/contrib/112345197893952616945/reviews,en,https://lh3.googleusercontent.com/a/ACg8ocJ7CTJMEVJeFR9DMfcMIvbC8xEdgD4NlGAyeDP5he7EZrFk4w=s128-c0x00000000-cc-rp-mo,5,2 months ago,1777604017,"We’re truly grateful to have found this student care for our daughter who is currently in P1 class. Teachers and staff are friendly and approachable. Thank you for creating such a supportive environment, guiding the children patiently with their homework, and always keeping us updated on their progress and school matters. Your commitment and initiative mean a lot to busy working parents like us and make a real difference in our child’s growth. Truly thankful for their care and dedication. Much appreciated! 💛"
North-Eastern Islands,North-Eastern Islands,education,education facilities schools childcare libraries,ChIJ-0k4ljEV2jERUd3RjzibqqE,EduFirst Learning Centre (Punggol) - English Math Chinese Science Tuition Centre Singapore,4.7,147,4,Donavan Seah,https://www.google.com/maps/contrib/100360607261006924353/reviews,en,https://lh3.googleusercontent.com/a-/ALV-UjVYxcdiliW8WTHqblMHbY2f7ugasY2ZrpfDvRcFiYw3Td71JNEL=s128-c0x00000000-cc-rp-mo,5,8 months ago,1761698293,"I’m very thankful to the student care for providing a caring and supportive environment for the children. I would also like to express my sincere appreciation to Teacher Hui Ling for her dedication and patience in guiding my son with his after-school studies. With her encouragement, I’ve seen an improvement in his learning attitude and confidence. She also provides timely feedback to parents and works closely with us to help him improve further.

Overall, I’m happy with the support provided by the student care and the teachers. There is still some room for improvement in certain areas, but I can see the effort and commitment from the team to continuously do better. Thank you for all your hard work in creating a positive and nurturing environment for the students!"
North-Eastern Islands,North-Eastern Islands,food,food dining hawker centres restaurants cafes,ChIJ5Y6l4Q0Z2jERYL0KDIjT6v0,Lau Pa Sat,4.4,38467,0,Madiha,https://www.google.com/maps/contrib/114242387135977753283/reviews,en,https://lh3.googleusercontent.com/a/ACg8ocIHCPM5GgKJCH7JgvWv5_MxW13ltPSTlow5LjKKBTnXZqmj6g=s128-c0x00000000-cc-rp-mo-ba5,3,a month ago,1779948931,"Decent spot for variety, but not for those craving familiar Pakistani flavours
Visited Lau Pa Sat (Lay Pa Sat) recently in Singapore. It’s a lively and iconic hawker centre with plenty of options and a nice atmosphere, especially in the evening when the streets are closed off for dining.
We tried the halal stall and ordered chicken rice noodles, chicken basil vegetables, and tea tree something. While the portions were generous and the service was quick, the overall taste was quite different from what we expected. Everything had a strong seafood-like flavour profile (even the non-seafood items), which didn’t really appeal to us as I can’t stand sea food smell. It felt quite far from Pakistani taste preferences – the spices, seasoning, and balance were very different.
If you’re in the mood to explore local Singaporean or Southeast Asian hawker food and try new things, Lau Pa Sat is a great place with lots of variety. However, if you’re particular about your food and want something closer to Pakistani cuisine, this might not be the best choice.
Cleanliness was just fine for a busy hawker centre, and the pricing was reasonable. Good for tourists or casual explorers, but we probably won’t rush back."
North-Eastern Islands,North-Eastern Islands,food,food dining hawker centres restaurants cafes,ChIJ5Y6l4Q0Z2jERYL0KDIjT6v0,Lau Pa Sat,4.4,38467,1,Franco Migliorati,https://www.google.com/maps/contrib/100371330244756270290/reviews,en,https://lh3.googleusercontent.com/a-/ALV-UjVkZnEeD-A71-8sTYTmOmEFkth5fm4r4G3NJjaT8fP8fl_T-hUoqw=s128-c0x00000000-cc-rp-mo-ba5,5,4 months ago,1772028535,"fantastic place to grab some food and/or beer. Famous for the skewers on the street, especially the chicken satay. Plenty of options to choose from, Indian, Arabic, Chinese, Singaporean, etc. There's something for everyone. Good ventilation and plenty of tables but the place is always packed and noisy (it doesn't take away the enjoyment). A must to visit."
North-Eastern Islands,North-Eastern Islands,food,food dining hawker centres restaurants cafes,ChIJ5Y6l4Q0Z2jERYL0KDIjT6v0,Lau Pa Sat,4.4,38467,2,Piotr Treter,https://www.google.com/maps/contrib/100672490460451924508/reviews,en,https://lh3.googleusercontent.com/a/ACg8ocJkJ1CdwVAoUWZNkGU0R51jueMxWq-vHoYNtIjkipXTuJWEGQ=s128-c0x00000000-cc-rp-mo-ba5,5,5 months ago,1770210422,"There's no need to write much about this place; you simply must stop in for a fantastic meal. There are plenty of street food joints offering a variety of Asian cuisines. Everything is perfectly seasoned, with plenty to choose from, so everyone should easily find something to their liking. And the prices are very affordable by Singaporean standards."
North-Eastern Islands,North-Eastern Islands,food,food dining hawker centres restaurants cafes,ChIJ5Y6l4Q0Z2jERYL0KDIjT6v0,Lau Pa Sat,4.4,38467,3,Trang Nguyen,https://www.google.com/maps/contrib/111561150280467194373/reviews,en,https://lh3.googleusercontent.com/a/ACg8ocIHfsPshQW972d4yzKstFPDDgwG_sd38rfo75jAycL5Vg_tpOk=s128-c0x00000000-cc-rp-mo-ba4,5,3 months ago,1774788514,"Lau Pa Sat: A must-visit for the lively night vibe!

I visited at 9 PM on a Friday, and it was absolutely crowded! The energy outside on Satay Street was incredible, with everyone enjoying grilled food in the open air. Inside the historic building, there are plenty of food stalls to choose from.

The Drinks:
One thing to watch out for is that there are very few drink stalls, so the lines are very long. I bought an Iced Mango Peach ($2.80), but I wouldn't recommend it. It was extremely sweet and didn't contain any fresh fruit—it tasted mostly like syrup. I suggest skipping the ""juices"" here if you want something fresh.

The Food & Service:
I tried the Thunder Tea Rice ($6.20). It was okay, though it didn't quite fit my personal taste. After eating, the service is efficient; you can either clear your own tray or wait for the staff who come by frequently to collect them.

The Verdict:
It is very crowded and noisy with loud music, but it’s a ""must-visit"" to experience the local Singaporean vibe. Just be prepared for the crowds!"
North-Eastern Islands,North-Eastern Islands,food,food dining hawker centres restaurants cafes,ChIJ5Y6l4Q0Z2jERYL0KDIjT6v0,Lau Pa Sat,4.4,38467,4,herdarksecret,https://www.google.com/maps/contrib/103152694342316321576/reviews,en,https://lh3.googleusercontent.com/a/ACg8ocL8Ep70MYF7RNmwysbNL0OHYX1-zaj0q1g6xVF2FEIRfrvVYg=s128-c0x00000000-cc-rp-mo-ba4,5,2 months ago,1777028043,"Tried Na Na Curry at Lau Pa Sat because saw that they are awarded Michelin Bib Gourmand 10 years in a row!

Their chicken curry is rich, slightly creamy, and super comforting. The spices are well-balanced, not too heavy but still very satisfying.

The chicken is tender and soaks up the curry nicely, making every bite flavourful. Pairs really well with both the rice and roti prata!"
North-Eastern Islands,North-Eastern Islands,transport,public transport MRT LRT bus stops,ChIJHSFoU_ka2jER1hxgW5i82tQ,Kent Ridge Ter,4.1,86,0,Wild fox,https://www.google.com/maps/contrib/117527544304447507042/reviews,en,https://lh3.googleusercontent.com/a/ACg8ocLYbIoGqjVzCunlt-r85HhrV5EmRE8HV9u7IKUEAGGSbpXAvg=s128-c0x00000000-cc-rp-mo-ba5,5,3 years ago,1674710375,NUS shuttle buses stop here. Many other SBS transit and SMRt buses stop here as well.
North-Eastern Islands,North-Eastern Islands,transport,public transport MRT LRT bus stops,ChIJHSFoU_ka2jER1hxgW5i82tQ,Kent Ridge Ter,4.1,86,1,David Wu,https://www.google.com/maps/contrib/115677606086217220324/reviews,en,https://lh3.googleusercontent.com/a/ACg8ocKSbs0B1mCXD9L-NC4LVzD6pgyo9C0HhFcOXiSUWZbIg2VHTw=s128-c0x00000000-cc-rp-mo-ba5,4,a year ago,1735620161,Excellent bus transit with clean toilet.  Next to NUS.
North-Eastern Islands,North-Eastern Islands,transport,public transport MRT LRT bus stops,ChIJHSFoU_ka2jER1hxgW5i82tQ,Kent Ridge Ter,4.1,86,2,ATL T,https://www.google.com/maps/contrib/100994464112605528590/reviews,en,https://lh3.googleusercontent.com/a/ACg8ocLpoTVMrPf4vyYQd8u6uJEH0o8z_LlCU7W5Z55VvxuZD01gLQ=s128-c0x00000000-cc-rp-mo-ba5,3,7 years ago,1534555409,"Very small sbs bus terminal. With shade and public toilet here

Bus 10 goes to vivo city, harbourfront and raffles place.

Bus 33 goes to redhill mrt"
North-Eastern Islands,North-Eastern Islands,transport,public transport MRT LRT bus stops,ChIJHSFoU_ka2jER1hxgW5i82tQ,Kent Ridge Ter,4.1,86,3,Michelle Yeoh,https://www.google.com/maps/contrib/117223891734424870330/reviews,en,https://lh3.googleusercontent.com/a-/ALV-UjVPcy-l5gMvkPp9YT8LWOWiE-RwX4NCZl648Iu-ZeLrBx5mAiYd=s128-c0x00000000-cc-rp-mo-ba5,5,a year ago,1730950783,"The KR and several of the NUS busses run here. It is located near NUS as well as three hotels, namely Ibis, Fragrance and Quay. The West Coast Park is nearby. Download the bus app to accurately plan your journey."
North-Eastern Islands,North-Eastern Islands,transport,public transport MRT LRT bus stops,ChIJHSFoU_ka2jER1hxgW5i82tQ,Kent Ridge Ter,4.1,86,4,Breathe Easy Solutions,https://www.google.com/maps/contrib/102819446304034201414/reviews,en,https://lh3.googleusercontent.com/a-/ALV-UjUhgXk89Z3n6IvrdDYVz0iRwfBcdkWO7eD-ZYMJ9qqBe0pLap1a=s128-c0x00000000-cc-rp-mo,1,a year ago,1746755741,Bus 201 takes 16-20 minutes to come. Please fix this. U make people late for work alot.
North-Eastern Islands,North-Eastern Islands,recreation,recreation sports gyms swimming community clubs,ChIJRQBn6loY2jERjqNd6Z0qL1k,Singapore Swimming Club,4.4,1202,0,Anvar Khayretdinov,https://www.google.com/maps/contrib/107340747339991420753/reviews,en,https://lh3.googleusercontent.com/a/ACg8ocIBPn8rRJGbzu8OjeAHbyH58eok4I9lK-TgHg0jR3fLDcqKyg=s128-c0x00000000-cc-rp-mo-ba2,1,2 months ago,1777108798,Staff is just ignoring you. Asked for a menu at the bar two times - the lady said “give me a minute” and never came back. And it’s not because they’re super busy - they just don’t care. This is simply disrespectful
North-Eastern Islands,North-Eastern Islands,recreation,recreation sports gyms swimming community clubs,ChIJRQBn6loY2jERjqNd6Z0qL1k,Singapore Swimming Club,4.4,1202,1,Aven T.,https://www.google.com/maps/contrib/103431426074515746200/reviews,en,https://lh3.googleusercontent.com/a-/ALV-UjUQDTcgy5I_tJPknhDUNHTQcZDBCd-lq2t6zAfQF60l2zoDGMLrSw=s128-c0x00000000-cc-rp-mo-ba6,4,a year ago,1752067592,Restaurant have several hit and miss cuisines but the most recent visit had me trying the fish and fries. It was really good and affordable. The fish was not overly battered and there were thick flakes of fish within that is light and fluffy!
North-Eastern Islands,North-Eastern Islands,recreation,recreation sports gyms swimming community clubs,ChIJRQBn6loY2jERjqNd6Z0qL1k,Singapore Swimming Club,4.4,1202,2,Rajnish Arora,https://www.google.com/maps/contrib/107539308150851646611/reviews,en,https://lh3.googleusercontent.com/a/ACg8ocLpiOsEFITiifsfr2BK618zvUDvYZicCtwdSuIhqUm4s7DPpw=s128-c0x00000000-cc-rp-mo,3,a month ago,1779507573,"Singapore Swimming Club has a great selection of Indian food and have always enjoyed the food, especially someone who is very discerning. Having said that, off late the quality of paneer dishes seems to be off. The paneer tikka is no longer soft, creamy and flavourful. I think they may have changed their supplier or switched to using frozen paneer. The management should look into it and bring back the original quality paneer."
North-Eastern Islands,North-Eastern Islands,recreation,recreation sports gyms swimming community clubs,ChIJRQBn6loY2jERjqNd6Z0qL1k,Singapore Swimming Club,4.4,1202,3,Ashley Liew,https://www.google.com/maps/contrib/115333748318871707993/reviews,en,https://lh3.googleusercontent.com/a-/ALV-UjVddwioWn2vIWseGeLcQUEr7x5FpokOuwMgLuTFOfWDIXAE46A=s128-c0x00000000-cc-rp-mo-ba8,5,a year ago,1746183704,"Been coming here for years since I’ve been a kid. Always love how homely and family-friendly this place is. The eateries are fantastic, especially the cafe and Chinese restaurant. The club sports facilities are excellent, I’ve used the pool, tennis courts, bowling alley, and gym before. With the Katong Park station almost ready nearby, it will become even more accessible."
North-Eastern Islands,North-Eastern Islands,recreation,recreation sports gyms swimming community clubs,ChIJRQBn6loY2jERjqNd6Z0qL1k,Singapore Swimming Club,4.4,1202,4,Chong Evon,https://www.google.com/maps/contrib/104133007521280423603/reviews,en,https://lh3.googleusercontent.com/a-/ALV-UjWnm-dZKbU5_C0DFErcniHOnz5i3buxvAwkGDCW5x3-xGcvLKEU=s128-c0x00000000-cc-rp-mo-ba5,4,2 years ago,1716478413,"Went there for the second time as my aunt is their member. The first round tried their lunch buffet. Decent taste in many varieties. This round tried their fried hokkien mee. The taste was perfect, the portion was big. But wait for my local coffee for a long time. This really needs to improve"
North-Eastern Islands,North-Eastern Islands,education,education facilities schools childcare libraries,ChIJV8XBQ8A82jERZE3PGgh94PQ,Learning Vision Changi Airport (Terminal 3),5.0,132,0,Eques,https://www.google.com/maps/contrib/100252716116533782282/reviews,en,https://lh3.googleusercontent.com/a-/ALV-UjXgNICo2R73Wp9G70vVhIH2ZpxLxZ9A6YfjPEgQyER8RMVwbjmO=s128-c0x00000000-cc-rp-mo,5,8 months ago,1762570743,"As our triplets celebrate this important milestone, we want to take a moment to express our deepest gratitude to all the teachers who have guided, inspired, and nurtured them along the way.

Your patience, dedication, and kindness have shaped not only their minds but also their hearts. You have been more than educators — you’ve been mentors, cheerleaders, and role models. The lessons you’ve taught extend far beyond the classroom and will stay with them for life.

Thank you for believing in our children, for helping them grow with confidence, and for making learning such a joyful journey. This graduation is not just their achievement — it’s yours too."
North-Eastern Islands,North-Eastern Islands,education,education facilities schools childcare libraries,ChIJV8XBQ8A82jERZE3PGgh94PQ,Learning Vision Changi Airport (Terminal 3),5.0,132,1,Jocelyne Chia,https://www.google.com/maps/contrib/106770250780134309983/reviews,en,https://lh3.googleusercontent.com/a-/ALV-UjVwVAXtcbl9vsa-uku6hGPmb1CAdbfwe3Riq21VAPNSYrIx0v6ODw=s128-c0x00000000-cc-rp-mo-ba2,5,8 months ago,1762788904,"I would like to express my heartfelt gratitude and appreciation to you and the entire team at Learning Vision at Changi Airport. Having been part of this school community for the past nine years, through four of my children’s graduations, I have witnessed firsthand the incredible care, dedication, and growth of this institution.
The teachers are not just educators, but genuine, compassionate individuals who truly care about the children. They have always gone above and beyond to create a nurturing and supportive environment. Over the years, I have felt like part of a family—a team that has always been there for both my children and me. I truly believe that the strong, positive relationships between the staff and families are one of the school’s greatest strengths.
Through the many phases of our journey together, from navigating the challenges of COVID-19 to embracing changes in daily routines and curriculum, I have seen the school continuously adapt and improve. The commitment to refining the curriculum and being open to feedback speaks volumes about the school’s dedication to providing the best possible education and experience for its students.
It is with immense pride and gratitude that I can say my child has graduated from Learning Vision at Changi Airport—and I am equally proud to have been part of this wonderful school community for so many years. Thank you for your unwavering support, your genuine care, and your continued efforts to ensure that each child thrives in a safe, enriching environment. You have made a lasting impact on our family, and we are truly grateful.

Love to all teachers - from the J’s and the K’s ❤️😊"
North-Eastern Islands,North-Eastern Islands,education,education facilities schools childcare libraries,ChIJV8XBQ8A82jERZE3PGgh94PQ,Learning Vision Changi Airport (Terminal 3),5.0,132,2,hayley lee,https://www.google.com/maps/contrib/109530254314539353032/reviews,en,https://lh3.googleusercontent.com/a/ACg8ocL7exAoHe0MvUHLpvjEnbXEAtnUJGzJ4WzQtQJ5P7GDUMMVVg=s128-c0x00000000-cc-rp-mo-ba3,5,8 months ago,1762765287,"We’ve had such a wonderful experience with Learning Vision @ Changi Airport! The teachers are incredibly caring and patience. always taking the time to understand each child’s needs and personality. The environment is very conducive for learning — bright, clean, and filled with engaging activities that make children excited to go to school every day.
I also really appreciate that the centre organizes many events involving both parents and teachers, which gives us a better understanding of what our children are learning and how they’re developing. It truly feels like a partnership in helping our little ones grow.
Highly recommended for parents looking for a nurturing and enriching preschool experience!"
North-Eastern Islands,North-Eastern Islands,education,education facilities schools childcare libraries,ChIJV8XBQ8A82jERZE3PGgh94PQ,Learning Vision Changi Airport (Terminal 3),5.0,132,3,Nadhrah M.,https://www.google.com/maps/contrib/102555863678441727300/reviews,en,https://lh3.googleusercontent.com/a-/ALV-UjXWu0wTjlTgstyorjCiQh8cyOhrZfIkrZ4DfB-JYfCan8-iuUC5-A=s128-c0x00000000-cc-rp-mo,5,8 months ago,1762797436,"We heard so much about this school and how good it is so when our daughter was 8 months old we quickly registered her for Playgroup. Now 2 kids later, we never regretted our decision. We love their curriculum and inclusivity and will always recommend LV to our friends and family."
North-Eastern Islands,North-Eastern Islands,education,education facilities schools childcare libraries,ChIJV8XBQ8A82jERZE3PGgh94PQ,Learning Vision Changi Airport (Terminal 3),5.0,132,4,Yongkang Lin,https://www.google.com/maps/contrib/104948284477859414276/reviews,en,https://lh3.googleusercontent.com/a-/ALV-UjXtzawYPUsPmn7GQsGqmyKAuILnhbIJOYHK_ECFvXhkIzLJ2CIR=s128-c0x00000000-cc-rp-mo-ba2,5,8 months ago,1762766107,Learning Vision provides a nurturing environment where children can explore and grow. The educators are dedicated and create engaging activities that stimulate young minds. It's wonderful to see the children develop social skills and a love for learning in such a positive setting. The facilities are well-maintained and designed to ensure the safety and comfort of all the little ones. We are very pleased with the quality of care and education offered at this child care centre.
North-Eastern Islands,North-Eastern Islands,shopping,shopping groceries malls supermarkets markets,ChIJZ1omp8gZ2jERgDUAb_hBKLY,City Square Mall,4.3,22861,0,Collin Ng,https://www.google.com/maps/contrib/100358502333657729087/reviews,en,https://lh3.googleusercontent.com/a-/ALV-UjVUUM4t1u-Mcb07-wUEAFB0PDMRzRQBUjByoXSUdGYx1cxNNV9-=s128-c0x00000000-cc-rp-mo-ba6,4,a month ago,1779525388,"Refurbished recently. Some nice deco outside but not much has changed.
The net playground is still there, which is a good thing and a unique attraction to this mall."
North-Eastern Islands,North-Eastern Islands,shopping,shopping groceries malls supermarkets markets,ChIJZ1omp8gZ2jERgDUAb_hBKLY,City Square Mall,4.3,22861,1,Florence Leow,https://www.google.com/maps/contrib/102656561598060120185/reviews,en,https://lh3.googleusercontent.com/a-/ALV-UjWWAO5NDzda0lWfeRJhWD1zQtDlUm5XL-zVuqnQGNv9Rilxc3M7=s128-c0x00000000-cc-rp-mo-ba8,5,3 months ago,1774383646,"🟠 City Square Mall
180 Kitchener Road
Singapore 208539

🟣 Location =  🟣 the mall is located at the junction of Serangoon Road and Kitchener Road.

🟣 It is directly connected to the Farrer Park MRT station via B1 level passage-way.
______________________________________________
⬛️  Historical Context: The mall actually sits on the former site of the New World Amusement Park, which was a famous landmark in the Jalan Besar area for decades.

⬛️  When I was a child in the early 1970s, my late Peranakan father used to bring me to New World to jalan jalan.
________________________________________________
🟠 The mall had undergone a SGD50 million massive revamp from September 2023 to early 2026.

🟠  The revamp added 26,000 sq ft of space, featuring a new 24,000 sq ft ""Gastro Square"" Level 4 dining area, new playgrounds, and classy luxurious interior upgrades.

🟨 The perimeters ( outside stretch of the mall)
*************************************************
🟨  There is a small verdant green park at the back of the mall, where a decomissioned MRT train cabin sits. ▪︎It is a hub for educational purposes.

🟨 There is also a small Merry-Go-Round & a Tea Cup Spinning Ride, reminiscent of the rides I used to enjoy in the 1970s.

🟩 For the interior of the mall itself
************************************
➡️ Below Info ➡️  is from the lift directory panel.

🟩L1 = City Green

🟩 B1 = Underpass to MRT, Taxi Stand, Pick-Up & Drop-Off, Green Square/ NTUC Fairprice/ Q&M Medical & Dental

🟩 B2=  ATM / Customer Service Counter/ Don Donki

🟩 B3=  Car Park + Food Square + Food Republic

🟩 B4= Car Park

⬛️ L9 To L6 = Schools & Offices  + Singapore Sustainability Academy (SSA)

⬛️ L5 = Discovery Square & Golden Village Cinema

⬛️ L4=  Gastro Square & CONNECT @ City Square Mall ( 🔴5 social service agencies)

⬛️ L 3 =  MST Golf Super Store

⬛️ L2 =  Decathlon & Uniqlo
________________________________________
🔴 Important info:
*******************
🔴 Level 4 features a CONNECT at City Square Mall, a dedicated community space comprising 5 ( five) social service agencies, affiliated with NCSS ( ▪︎National Council of Social Services), which itself is a statutory board under MSF.

🔴 MSF = Ministry of Social and Family Development.

🔴 The five agencies on Level 4 are
**************************************
● Counselling and Care Centre
● Kampong Kapor Community Services
● Singapore Children’s Society
● The Salvation Army

● Eagles Mediation & Counselling Centre ➡️ at B2 level

➖️ Dated 24 March 2026/ Tuesday."
North-Eastern Islands,North-Eastern Islands,shopping,shopping groceries malls supermarkets markets,ChIJZ1omp8gZ2jERgDUAb_hBKLY,City Square Mall,4.3,22861,2,Johanna Hanny,https://www.google.com/maps/contrib/104426067676310731633/reviews,en,https://lh3.googleusercontent.com/a-/ALV-UjW2asPG6AlT5T3Dz5eyCEMJ0pabay1sM3RYxkvp59KPTaSMqov6TQ=s128-c0x00000000-cc-rp-mo-ba6,5,2 months ago,1778677255,"If you are around Little India area, City Square Mall is actually a pretty nice place to chill and makan.
It's just a short walk from Mustafa Centre and the mall has a good mix of food spots, from quick bites to proper restaurants and food court options. Halal food choices are quite easy to find too.

Shopping wise, it's the kind of mall that feels practical and comfortable. Got everyday stores like Uniqlo and Decathlon, so you can actually shop without everything feeling overly expensive.

Bonus point for tea lovers… theres Beutea too🧋"
North-Eastern Islands,North-Eastern Islands,shopping,shopping groceries malls supermarkets markets,ChIJZ1omp8gZ2jERgDUAb_hBKLY,City Square Mall,4.3,22861,3,Ivan Tan,https://www.google.com/maps/contrib/105865784747329427413/reviews,en,https://lh3.googleusercontent.com/a/ACg8ocJiNNnPOPOE1zRwomP5MxRXXqaqiUCM-GMT4yqcPdvaAjETHw=s128-c0x00000000-cc-rp-mo-ba5,5,3 months ago,1775531163,"It’s a nice mall and came here because to buy a drink from the nice supermarket. There is a Rest n Go area where there are many massage chairs. You have to scan the QR code to make the payment first and select which package. It’s worth as paying for $15 and 70mins of relaxation! Even paying $10 and 45mins of relaxation is good too. There were many willing to pay and relax on the chairs here and that’s good.

Latest update! A wonderful discovery and if you’re looking for a barber nearby this mall, there’s one! Jerudili Barber and it’s operated by a passionate with professionalism guy. He takes care of your hair well and really comfortable. He cuts hair great too! Please do support since it’s quite new. It’s at 681 Race Course Road and exit F, once alighted from Farrer Park MRT station. I have attached the barber shop photo too which includes the address."
North-Eastern Islands,North-Eastern Islands,shopping,shopping groceries malls supermarkets markets,ChIJZ1omp8gZ2jERgDUAb_hBKLY,City Square Mall,4.3,22861,4,Jas Dhir,https://www.google.com/maps/contrib/102534671503580535452/reviews,en,https://lh3.googleusercontent.com/a-/ALV-UjXtH57jrT4ULsvZ5ppoBZ2L8ncUD4Q2JztMVro0sYjhBK6bhHbRKw=s128-c0x00000000-cc-rp-mo-ba4,5,4 months ago,1774020890,"It’s a very big mall with many renowned international brands like Levi’s, Breadtalk, and toy stores for the little ones like ToysRUs etc. Also sometimes there is a flea market inside the mall with some cool toys and books for a great price. Lots of restaurants as well in easy access.

Outside there is a musical park where you can play some soothing music or relax on the hammocks and there is also a eco bus, with environmental activities and it also spreads awareness about the environment. In all, it’s a great mall!"
North-Eastern Islands,North-Eastern Islands,shopping,shopping groceries malls supermarkets markets,ChIJeRqAraYX2jERQpyIAXSU1SU,NEX,4.3,22292,0,Le Hoang Giap,https://www.google.com/maps/contrib/101050509697705912554/reviews,en,https://lh3.googleusercontent.com/a-/ALV-UjVTkTtA8MgNdYSKN3_ysJOu9PJaVhj0X9Pb8CkBgBb1cmA3o0A=s128-c0x00000000-cc-rp-mo-ba7,5,8 months ago,1762940738,"NEX is a big, convenient mall that’s hard to beat for errands or a casual day out. It’s right by Serangoon MRT and the bus interchange, so getting in and out is easy. Inside, it’s bright, clean, and well-air-conditioned; even on weekends when it’s busy, the walkways are wide enough that you can still move comfortably.

Food options are plentiful, everything from quick bites to sit-down spots, and the food court is efficient with staff constantly wiping tables, so turnover is fast. Shopping is just as varied, with fashion, beauty, tech, and a large supermarket, which makes it great for one-stop “get everything done” runs. Families will appreciate the clear signage and clean restrooms, plus plenty of places to take a break if you’re with kids or older folks. Overall, a reliable place to eat, shop, and cool off, practical for a lunch stop and pleasant enough for an unhurried weekend stroll."
North-Eastern Islands,North-Eastern Islands,shopping,shopping groceries malls supermarkets markets,ChIJeRqAraYX2jERQpyIAXSU1SU,NEX,4.3,22292,1,Shubham Gupta,https://www.google.com/maps/contrib/111002990360132223790/reviews,en,https://lh3.googleusercontent.com/a-/ALV-UjWAOsZEY3tIMuSSRsGP8EBYPvo1zQtBQ3SnsUyVu2269-7NRB35ww=s128-c0x00000000-cc-rp-mo-ba6,4,a month ago,1780453005,"Huge shopping mall connected to Serangoon MRT. Has all outlets that you need for shopping and food.
Very accessible. Can get a bit crowded on weekends."
North-Eastern Islands,North-Eastern Islands,shopping,shopping groceries malls supermarkets markets,ChIJeRqAraYX2jERQpyIAXSU1SU,NEX,4.3,22292,2,Julius Tan,https://www.google.com/maps/contrib/113038098593710664705/reviews,en,https://lh3.googleusercontent.com/a-/ALV-UjUqOvKQzoCfr3k6tL-v6MSNkNd8G2GmX5Yr_nwbj0nALQ02Gw8N=s128-c0x00000000-cc-rp-mo-ba6,3,a month ago,1780323138,"Probably the busiest, most bustling mall in the heartlands. It’s a decent size with a pretty good tenant mix, but word on the street is that the old Isetan spot is being turned into a bunch of boring tuition centres and a Kiztopia. If that’s true, we’ll probably be visiting a lot less.

There’s also been a massive proliferation of PRC restaurants in recent years, which makes us even less inclined to frequent the place. We might drop by when Chin Mee Chin finally opens, but we aren’t going to visit as much as before.

P.S The elevators are always under maintenance or not working."
North-Eastern Islands,North-Eastern Islands,shopping,shopping groceries malls supermarkets markets,ChIJeRqAraYX2jERQpyIAXSU1SU,NEX,4.3,22292,3,zz Zz,https://www.google.com/maps/contrib/111390150092491074520/reviews,en,https://lh3.googleusercontent.com/a/ACg8ocJkmeJRAfqO89XmIXgd8wNt8-Gol2Z5a1xR4ZrVUMRkbzPihQ=s128-c0x00000000-cc-rp-mo,5,3 months ago,1776141516,"Good Location Shopping!!!
But saw such behaviours of youngsters is totally embarrassing and flabergusted, giving others no place to walk via bulldozing in a row.
Saw them few times doing this in 2025 and 2 times in 2026. Video was captured when I changed my handphone and was trying out it's functions.
The worst is, this group have been doing this bulldozing walks everywhere they go, even Tourists has been complaining on TikTok regarding such behaviours when they visited Singapore."
North-Eastern Islands,North-Eastern Islands,shopping,shopping groceries malls supermarkets markets,ChIJeRqAraYX2jERQpyIAXSU1SU,NEX,4.3,22292,4,silque88,https://www.google.com/maps/contrib/116772994362160133732/reviews,en,https://lh3.googleusercontent.com/a-/ALV-UjVrEVJYALldVLhD0lzDcxlOAh_o6GqNPyDI8_qAfet5OLnpsS6J=s128-c0x00000000-cc-rp-mo-ba2,2,2 months ago,1777101869,"The management of NEX mall (Serangoon MRT) must be fast asleep. A couple of their escalators (to L2 & B1, see photos) have been out of service for quite a few months and no repair work has been initiated. These escalators are covered with cladding and nobody has been spotted working on them! Rather than have them fixed, signs are instead posted to direct customers to other (working, for the time being) escalators. This smacks of apathy and a pathetic lack of professional pride & customer care. Whoever is at the top needs to deal with it - unless, of course, he/she/they also can’t be bothered. In which case, the problem is endemic."
North-Eastern Islands,North-Eastern Islands,nature,parks gardens nature waterfront park connectors,ChIJi090zPwS2jERiJCqFWoP8Z4,Woodlands Waterfront Park,4.5,3993,0,A.,https://www.google.com/maps/contrib/105811406126484638281/reviews,en,https://lh3.googleusercontent.com/a-/ALV-UjUEKLbX9_z278giPJdvjlfDGUX0NkMAOJkAg-1cI1hF-V-mIvzJ=s128-c0x00000000-cc-rp-mo-ba6,5,4 months ago,1772895146,"Woodlands Waterfront Park is a relaxing and scenic park located in the northern part of Singapore. It faces the Straits of Johor, so visitors can actually see Malaysia across the water. The park covers around 11 hectares and has a 1.5-kilometre waterfront promenade, which makes it a great place for walking, jogging, or cycling while enjoying the sea breeze.
One of the most interesting features of the park is the 400-metre Woodlands Waterfront Jetty, which is the northernmost point of mainland Singapore. Walking along the jetty is a really nice experience because you get a wide view of the sea and the coastline. Many people go there to fish, take photos, or just relax while looking at the view. In the evening, the sunset from the jetty is especially beautiful and creates a calm atmosphere.
In my opinion, the park is a great place to visit if you want to take a break from the busy city. The long paths are perfect for a peaceful walk, and the cool sea breeze makes the environment very comfortable. There are also open spaces where families can have picnics, as well as a playground where children can play and climb.
Another thing I like about the park is that it is usually less crowded compared to many other parks in Singapore. Because of this, it feels quieter and more relaxing. Overall, Woodlands Waterfront Park is a wonderful place to enjoy nature, spend time with family and friends, and appreciate the beautiful waterfront scenery."
North-Eastern Islands,North-Eastern Islands,nature,parks gardens nature waterfront park connectors,ChIJi090zPwS2jERiJCqFWoP8Z4,Woodlands Waterfront Park,4.5,3993,1,lontongstroong,https://www.google.com/maps/contrib/112708452931686187176/reviews,en,https://lh3.googleusercontent.com/a-/ALV-UjWnlDnQdIiRVGPPjHCFJrWtm4ROxtfQz27Vz39DC7nNdmectwSX7A=s128-c0x00000000-cc-rp-mo-ba6,4,2 months ago,1778319590,"This seaside park has an interesting history. The jetty, which is the centerpiece of the park, was a mooring location for the Malayan/Malaysian Navy when Singapore was still within the federation. It's surprising that the plot of land was still in the hand of Malaysian government till it's handed over in 1980s (almost 20 years upon the secession). The bollards at the jetty point out to the place's not-so-distant past.

Since the construction of the RTS train, it has been pretty popular place for the locals to take selfie, with the backdrop of the viaduct. Funnily enough, in spite of advisory against fishing at the jetty (posted all over), seems this is just a live and let live policy lol."
North-Eastern Islands,North-Eastern Islands,nature,parks gardens nature waterfront park connectors,ChIJi090zPwS2jERiJCqFWoP8Z4,Woodlands Waterfront Park,4.5,3993,2,janaki jan66,https://www.google.com/maps/contrib/103120050584183506187/reviews,en,https://lh3.googleusercontent.com/a-/ALV-UjVjqqiuRAYYDZ0n0SVKJ7t9RL_79u2sBWBdj3RR5eYUWd8s0dTw=s128-c0x00000000-cc-rp-mo-ba4,5,5 months ago,1771319886,"It's a beautiful place we can see Singapore and Malaysia at that same time. When I went it's full rainy and I took photoshoot there. We want to spend peace area I will suggest The Woodlands Waterfront. Beautiful silent area. We will hear only Air sound, Water sound."
North-Eastern Islands,North-Eastern Islands,nature,parks gardens nature waterfront park connectors,ChIJi090zPwS2jERiJCqFWoP8Z4,Woodlands Waterfront Park,4.5,3993,3,Ryan chou,https://www.google.com/maps/contrib/108261824830275736315/reviews,en,https://lh3.googleusercontent.com/a-/ALV-UjVekLWKKqEyg9S5LIZ7XApo8hCUvoCiKedMuC_-1yE4PunXPhHg=s128-c0x00000000-cc-rp-mo,5,3 months ago,1775032793,"Here's a review you can use:

---

Ryan chou
⭐⭐⭐⭐⭐

Woodlands Waterfront Park is one of my favorite spots to unwind. The park offers a beautiful, relaxing view of the Johor Strait, especially during sunset. The waterfront promenade is perfect for a peaceful stroll or a bike ride, and there’s plenty of open space for picnics with family and friends.

I also love the iconic jetty—it’s a great place to take in the sea breeze and watch the boats go by. The park is well-maintained, with clean paths and plenty of benches to sit and enjoy the scenery. Highly recommended for anyone looking to escape the city hustle without going too far!"
North-Eastern Islands,North-Eastern Islands,nature,parks gardens nature waterfront park connectors,ChIJi090zPwS2jERiJCqFWoP8Z4,Woodlands Waterfront Park,4.5,3993,4,General Twilight,https://www.google.com/maps/contrib/114314523990529053400/reviews,en,https://lh3.googleusercontent.com/a-/ALV-UjXsFRuZl8RX0cufOjQccrkQrp1fP5M0CTI0gAIp4R28Pj79638=s128-c0x00000000-cc-rp-mo-ba6,5,5 months ago,1770256184,It is a great place to be with friends. We can enjoy the grennery and see the sea view of malaysua from here. It is quite hot in the afternoon so pls plan your trip here in the morning where it is not so hot. There is some bus stop near here but you can also walk here from woodlands mrt throguh Admiralty park. Not many facilities here except for the seafood restaurant and just greenery around.
North-Eastern Islands,North-Eastern Islands,transport,public transport MRT LRT bus stops,ChIJi9J7UkUa2jEREUidaQaWpMU,One-North,4.4,316,0,Flo Y.,https://www.google.com/maps/contrib/100625987334342106651/reviews,en,https://lh3.googleusercontent.com/a-/ALV-UjXAXYGRbCGHwhFXxJ76GJl70Nk9fztWBkCwd1prTP-W1HDMy0M=s128-c0x00000000-cc-rp-mo-ba8,5,4 months ago,1773067076,"One-North is a very well-structured MRT station, perfectly servicing one of Singapore's major business and industrial districts. The layout is refreshingly straightforward, making it a station where you're unlikely to ever be late due to navigation issues. With multiple exits that integrate directly into the surrounding buildings, it’s a 'get the job done' kind of stop that feels custom-built for the busy professionals working in the area."
North-Eastern Islands,North-Eastern Islands,transport,public transport MRT LRT bus stops,ChIJi9J7UkUa2jEREUidaQaWpMU,One-North,4.4,316,1,Carolin George,https://www.google.com/maps/contrib/115586584844627794586/reviews,en,https://lh3.googleusercontent.com/a-/ALV-UjVvI4imHFE0iqmTiw3qDIFTpK-CKX1_yeGQEmz94E6KfTMac6fU=s128-c0x00000000-cc-rp-mo-ba3,5,4 months ago,1773374187,You would love the nice aroma when you come out of the train in the morning. Still can't figure out from which store. A lot of good food options. Cold storage at the MRT level.
North-Eastern Islands,North-Eastern Islands,transport,public transport MRT LRT bus stops,ChIJi9J7UkUa2jEREUidaQaWpMU,One-North,4.4,316,2,Florence Leow,https://www.google.com/maps/contrib/102656561598060120185/reviews,en,https://lh3.googleusercontent.com/a-/ALV-UjWWAO5NDzda0lWfeRJhWD1zQtDlUm5XL-zVuqnQGNv9Rilxc3M7=s128-c0x00000000-cc-rp-mo-ba8,5,a year ago,1731153895,"🟧One-north MRT Station
🟨 9 Ayer Rajah Ave, Singapore 138647

🟦One-North Station is connected to the integrated office/retail complexes of Fusionopolis, Connexis, Symbiosis and Biopolis and other office towers.

🟧 The Insead Business School is in close proximity to the One-North station."
North-Eastern Islands,North-Eastern Islands,transport,public transport MRT LRT bus stops,ChIJi9J7UkUa2jEREUidaQaWpMU,One-North,4.4,316,3,Valen Chang,https://www.google.com/maps/contrib/117952662322963726770/reviews,en,https://lh3.googleusercontent.com/a-/ALV-UjW9aTITY_CzTBvCWElas9slH2uVQd523z8gpbowRSAjM4ughZVGaA=s128-c0x00000000-cc-rp-mo-ba3,4,8 years ago,1514889985,"New, clean, convenient access MRT station which connects to the circle line (yellow line). There are more and more restaurants, bars  opened nearby, you could also find stationary shop and clinic."
North-Eastern Islands,North-Eastern Islands,transport,public transport MRT LRT bus stops,ChIJi9J7UkUa2jEREUidaQaWpMU,One-North,4.4,316,4,yan c,https://www.google.com/maps/contrib/107333484749963804703/reviews,en,https://lh3.googleusercontent.com/a/ACg8ocLI1JCXPTJ6A5Ia4vwieHOQup2BUXw6tBKLIvKtivHDQ8zU9w=s128-c0x00000000-cc-rp-mo-ba3,5,2 months ago,1777900825,"I think it is quite a remote area in the west. However, the food and other amenities are fairly good, and it is a relatively concentrated office district."
North-Eastern Islands,North-Eastern Islands,recreation,recreation sports gyms swimming community clubs,ChIJs45bbr0R2jERwByR91EdWqw,Senja-Cashew Community Club,4.3,1262,0,Boon T,https://www.google.com/maps/contrib/112617013985572263529/reviews,en,https://lh3.googleusercontent.com/a/ACg8ocLQ4RDJPE5EBLnc1CLQBs39JQVakjpEt_C5aTZz8VnRY77NMQ=s128-c0x00000000-cc-rp-mo-ba5,4,3 months ago,1775906862,"This swimmimg complex has 1 kids' water play area and a 50m length pool. Not a big complex but sufficient for the number of users.

There is a big pond when looking out from pool, open space and doesn't feel clamp. There is a haeker center across the street and a LRT station."
North-Eastern Islands,North-Eastern Islands,recreation,recreation sports gyms swimming community clubs,ChIJs45bbr0R2jERwByR91EdWqw,Senja-Cashew Community Club,4.3,1262,1,Amy Tay,https://www.google.com/maps/contrib/117141193090190064580/reviews,en,https://lh3.googleusercontent.com/a-/ALV-UjVkoyouCnADT1Gh63I4jR34oCpsqiBtKwf4hR57RpJ3Bd3sY0BX1g=s128-c0x00000000-cc-rp-mo-ba4,4,3 months ago,1774319318,1st time been there to join SG Digital course.  It's has good environment facing a pond n a swimming pool.
North-Eastern Islands,North-Eastern Islands,recreation,recreation sports gyms swimming community clubs,ChIJs45bbr0R2jERwByR91EdWqw,Senja-Cashew Community Club,4.3,1262,2,Lennon,https://www.google.com/maps/contrib/104188507990747089604/reviews,en,https://lh3.googleusercontent.com/a/ACg8ocKEG1dPlEb0yltXiwllWnSeqKU0EM_QOJyZMMnT2gRFcrQAKw=s128-c0x00000000-cc-rp-mo,3,3 months ago,1776570140,"Nice environment outside with fish pond, but 1 of the worst inside. Too many swimming schools using the lanes and left with 1/3 of the pool for the public. Everything in SG runs like a business. The kid's pool is really small. Overall, the swimming pools is not suitable for exercise."
North-Eastern Islands,North-Eastern Islands,recreation,recreation sports gyms swimming community clubs,ChIJs45bbr0R2jERwByR91EdWqw,Senja-Cashew Community Club,4.3,1262,3,Effa McTavish,https://www.google.com/maps/contrib/114772640990102304384/reviews,en,https://lh3.googleusercontent.com/a-/ALV-UjX-1q_bE1uEgHE9hhDr_ZjEtzB6na9LoXYYo3d_Fms91wEyx6-Z=s128-c0x00000000-cc-rp-mo-ba3,1,6 months ago,1767335641,"Damn U guys better get Ur info correct. So many directions given, no officers that have good knowledge, I'm going around in circles. Why can't U guys just say if it's for appeals to join the queue rather than making a call that waste my time and energy. Employ officers that have more knowledge and information! I wish I can give 0 stars if I could."
North-Eastern Islands,North-Eastern Islands,recreation,recreation sports gyms swimming community clubs,ChIJs45bbr0R2jERwByR91EdWqw,Senja-Cashew Community Club,4.3,1262,4,Blackraven,https://www.google.com/maps/contrib/114385515451710838076/reviews,en,https://lh3.googleusercontent.com/a-/ALV-UjXqctQ7jglxaOLANFQWOxhRwei1zo_uXlcIsm-EaC0KcTMg774f=s128-c0x00000000-cc-rp-mo-ba7,5,a year ago,1726487697,"Beautiful community club next to a pond. Comes with many features like dance studios, badminton court, swimming pool, barber, food centre, etc"
North-Eastern Islands,North-Eastern Islands,food,food dining hawker centres restaurants cafes,ChIJseQsTQ0Z2jERqpBTWF0Zf84,Maxwell Food Centre,4.4,23479,0,Mela Pineda,https://www.google.com/maps/contrib/103758392195324269866/reviews,en,https://lh3.googleusercontent.com/a/ACg8ocIaokUv21KdanEc5CQY08vc_hGLrg7LpoiDaI55ToT-P9qq-Q=s128-c0x00000000-cc-rp-mo-ba3,5,2 weeks ago,1782751773,"We visited Maxwell Food Centre at around 8:00 AM on a Monday, so it was still relatively quiet with very few queues. Unfortunately, the famous chicken rice stall was closed, which was a bit disappointing. This was actually my second visit, and I still haven't had the chance to try it!

Thankfully, there are plenty of other stalls serving chicken rice, so we simply picked one without a line and it didn't disappoint. In fact, that's the beauty of Maxwell Food Centre. There are so many food options to choose from, and everything we tried was delicious. The drinks were great too, and the prices are very affordable. Those in the pictures are only some of those we found really delicious.

Whether you're craving local favorites or just looking for a good meal, Maxwell Food Centre never disappoints. If you're in Singapore, make sure to stop by for delicious food at budget-friendly prices. Just keep in mind that if you're hoping to try the famous chicken rice, it's worth checking the stall's opening hours before you go!"
North-Eastern Islands,North-Eastern Islands,food,food dining hawker centres restaurants cafes,ChIJseQsTQ0Z2jERqpBTWF0Zf84,Maxwell Food Centre,4.4,23479,1,Eve,https://www.google.com/maps/contrib/114387453138682352132/reviews,en,https://lh3.googleusercontent.com/a-/ALV-UjWcZLSvfXRdKuGsLnipXZV5dmBhoto3xhhL6h1TIiXq8QWEWlU=s128-c0x00000000-cc-rp-mo-ba4,5,5 months ago,1771006113,"There’s a wide variety of food and the laksa was absolutely amazing. It’s cheaper if you pay cash instead of card. The staffs in charge of cleaning the trays were really proactive. We didn’t try the super crowded stalls, but the ones we had were pretty solid in terms of quality. Also no bad odor"
North-Eastern Islands,North-Eastern Islands,food,food dining hawker centres restaurants cafes,ChIJseQsTQ0Z2jERqpBTWF0Zf84,Maxwell Food Centre,4.4,23479,2,MARI,https://www.google.com/maps/contrib/116582074314143640576/reviews,en,https://lh3.googleusercontent.com/a-/ALV-UjUbMNtR9jLogHPeWDsDObSvYQnLF7C5bN-3GvtV3YEyIualwkQ=s128-c0x00000000-cc-rp-mo,5,a month ago,1780125195,"I was here in the evening time and most of the stalls were closed for the day.
But I am very fortunate of finding a chicken rice shop still open.
Uncle Louis Famous chicken rice. Uncle was very hands on. He takes each customer's order attentively and gives suggestions along the way.
I ordered chicken with soup and veggies. Very tender, fresh veggie sides and hot rice. Yummy! Welcome local dinner on my 1st night in Singapore."
North-Eastern Islands,North-Eastern Islands,food,food dining hawker centres restaurants cafes,ChIJseQsTQ0Z2jERqpBTWF0Zf84,Maxwell Food Centre,4.4,23479,3,John Raberaba,https://www.google.com/maps/contrib/112300533642570341582/reviews,en,https://lh3.googleusercontent.com/a/ACg8ocKCFOnYP5lXM8R8gf5HIGYo4BE8Mi9GwN5TdLEFiBubsh7MtQ=s128-c0x00000000-cc-rp-mo-ba5,5,2 months ago,1779098576,"A step back in time with fantastic food variety at really bargain prices. Only one of the 3 stall rows has high velocity fans for extra cooling. A few obvious winners among the vendors. We had Vietnamese  Tofu and noodles and vegetarian rice paper rolls.
A local character has found a way to always get his favorite seat - Xtra load rap music. He managed to get a whole table under a fan for himself during the lunch peak. There's someone who understands marketing!
A fantastic authentic street food location that has a busy lunch peak but is much quieter otherwise.
The lady selling fresh crushed fruit and sugar can drinks is a standout nearthe China Town exit."
North-Eastern Islands,North-Eastern Islands,food,food dining hawker centres restaurants cafes,ChIJseQsTQ0Z2jERqpBTWF0Zf84,Maxwell Food Centre,4.4,23479,4,Gerhard Geldenhuys,https://www.google.com/maps/contrib/100864267148995747888/reviews,en,https://lh3.googleusercontent.com/a-/ALV-UjUkS0Qa24KY4HkLtqF9k38e30z609flYBRX0ei1NWo_i8ZYXT93=s128-c0x00000000-cc-rp-mo-ba6,5,3 months ago,1776372322,"My favourite eating place in the city by far. So much to choose from, foodie heaven. There's always a good selection of shops open. Can be very busy at time with queues for the most popular places.  Don't be scared to share tables. When finished, put your tray in designated area before leaving."
North-Eastern Islands,North-Eastern Islands,nature,parks gardens nature waterfront park connectors,ChIJw62n3Vo92jERl8c1cg9hXzE,Bedok Reservoir Park,4.5,3916,0,John-117,https://www.google.com/maps/contrib/107342028889309341171/reviews,en,https://lh3.googleusercontent.com/a-/ALV-UjV_EhETiOzpOjV7nrAUOBIMsMJpwMidJ8Yvlte5jtIVgjHo_3c=s128-c0x00000000-cc-rp-mo-ba3,5,5 months ago,1770646856,"Sector is optimal for mobility drills. Good vantage points, but expect heavy crosswinds. There's hawker centre nearby. Good spot to replenish calories."
North-Eastern Islands,North-Eastern Islands,nature,parks gardens nature waterfront park connectors,ChIJw62n3Vo92jERl8c1cg9hXzE,Bedok Reservoir Park,4.5,3916,1,Cazermy,https://www.google.com/maps/contrib/115233663130333072204/reviews,en,https://lh3.googleusercontent.com/a-/ALV-UjWoQtCBHBuzwaxqxg1JcVrwzXoiM1nZjofDuQ1K1CALDjukMP8=s128-c0x00000000-cc-rp-mo-ba3,5,a month ago,1779781574,"One of the best gravel experience I had and the view is not bad! Will recommend visiting it during sunrise or sunset.

Also part of PCN."
North-Eastern Islands,North-Eastern Islands,nature,parks gardens nature waterfront park connectors,ChIJw62n3Vo92jERl8c1cg9hXzE,Bedok Reservoir Park,4.5,3916,2,Noorzidah M N,https://www.google.com/maps/contrib/105604179739274942377/reviews,en,https://lh3.googleusercontent.com/a-/ALV-UjW0LfCkciBlq8_f--swewmh1BY87PS2GxkFF3HC7EK3jKaPQtXj4A=s128-c0x00000000-cc-rp-mo-ba7,5,9 months ago,1759616666,"Large park with many local residents around that area walking and jogging. Seats are available around this park. There's playground for kids as well. There's also a canoe area in a separate building nearby and it's called ""Passionwave"". There's toilet facilities too. Quite a number of parking space available for those who came from far. Many companies and schools like to hold their events here as the space is spacious and it is convenient to come here for the bus stops are nearby too."
North-Eastern Islands,North-Eastern Islands,nature,parks gardens nature waterfront park connectors,ChIJw62n3Vo92jERl8c1cg9hXzE,Bedok Reservoir Park,4.5,3916,3,jay fernandez,https://www.google.com/maps/contrib/108053899458658024295/reviews,en,https://lh3.googleusercontent.com/a-/ALV-UjWIlcv-tUWiLtxL9P9T1rCtQkcdOekKAqjNqopDLpM_jHzr3pI9=s128-c0x00000000-cc-rp-mo-ba4,3,10 months ago,1758013997,Well maintained park with walking paths around the reservoir. The sandy path by the water takes more effort than the shady paved path running along side. A good 5km round the park. Different gradients on the paved path add to a good workout. Encountered squirrels and a lone otter too.
North-Eastern Islands,North-Eastern Islands,nature,parks gardens nature waterfront park connectors,ChIJw62n3Vo92jERl8c1cg9hXzE,Bedok Reservoir Park,4.5,3916,4,W. Yin,https://www.google.com/maps/contrib/105245971616099008783/reviews,en,https://lh3.googleusercontent.com/a-/ALV-UjVYs60wBdionxNOfQNiFehjK3xwxdj_sEbfu43FGqX5lv_yyzk9=s128-c0x00000000-cc-rp-mo-ba4,5,a year ago,1741670249,Beautiful spot for a walk or jog! Bedok Reservoir's lush greenery and picturesque views of the water make it an ideal destination for outdoor enthusiasts. Well-maintained and clean facilities too. It’s always a nice 5 km walk !
